DATE,NAME,TEAM_NAME,TEAM_AGAINST,MIN,CATCH_SHOOT_FGM,CATCH_SHOOT_FG2M,CATCH_SHOOT_FGA,CATCH_SHOOT_FG2A,CATCH_SHOOT_FG_PCT,CATCH_SHOOT_PTS,CATCH_SHOOT_FG3M,CATCH_SHOOT_FG3A,CATCH_SHOOT_FG3_PCT,CATCH_SHOOT_EFG_PCT,FG_AT_RIM_ALLOWED,FG_AT_RIM_FACED,DEF_RIM_FG_PCT,DRIVES,DRIVE_FGM,DRIVE_FGA,DRIVE_FG_PCT,DRIVE_FTM,DRIVE_FTA,DRIVE_FT_PCT,DRIVE_PTS,DRIVE_PTS_PCT,DRIVE_PASSES,DRIVE_PASSES_PCT,DRIVE_AST,DRIVE_AST_PCT,DRIVE_TOV,DRIVE_TOV_PCT,DRIVE_PF,DRIVE_PF_PCT,ELBOW_TOUCHES,ELBOW_TOUCH_FGM,ELBOW_TOUCH_FGA,ELBOW_TOUCH_FG_PCT,ELBOW_TOUCH_FTM,ELBOW_TOUCH_FTA,ELBOW_TOUCH_FT_PCT,ELBOW_TOUCH_PTS,ELBOW_TOUCH_PTS_PCT,ELBOW_TOUCH_PASSES,ELBOW_TOUCH_PASSES_PCT,ELBOW_TOUCH_AST,ELBOW_TOUCH_AST_PCT,ELBOW_TOUCH_TOV,ELBOW_TOUCH_TOV_PCT,ELBOW_TOUCH_FOULS,ELBOW_TOUCH_FOULS_PCT,PAINT_TOUCHES,PAINT_TOUCH_FGM,PAINT_TOUCH_FGA,PAINT_TOUCH_FG_PCT,PAINT_TOUCH_FTM,PAINT_TOUCH_FTA,PAINT_TOUCH_FT_PCT,PAINT_TOUCH_PTS,PAINT_TOUCH_PTS_PCT,PAINT_TOUCH_PASSES,PAINT_TOUCH_PASSES_PCT,PAINT_TOUCH_AST,PAINT_TOUCH_AST_PCT,PAINT_TOUCH_TOV,PAINT_TOUCH_TOV_PCT,PAINT_TOUCH_FOULS,PAINT_TOUCH_FOULS_PCT,PASSES_MADE,PASSES_RECEIVED,AST,FT_AST,SECONDARY_AST,POTENTIAL_AST,AST_PTS_CREATED,AST_ADJ,AST_TO_PASS_PCT,AST_TO_PASS_PCT_ADJ,POINTS,TOUCHES,FRONT_CT_TOUCHES,TIME_OF_POSS,AVG_SEC_PER_TOUCH,AVG_DRIB_PER_TOUCH,PTS_PER_TOUCH,ELBOW_TOUCHES,POST_TOUCHES,PAINT_TOUCHES,PTS_PER_ELBOW_TOUCH,PTS_PER_POST_TOUCH,PTS_PER_PAINT_TOUCH,TOUCHES,POST_TOUCHES,POST_TOUCH_FGM,POST_TOUCH_FGA,POST_TOUCH_FG_PCT,POST_TOUCH_FTM,POST_TOUCH_FTA,POST_TOUCH_FT_PCT,POST_TOUCH_PTS,POST_TOUCH_PTS_PCT,POST_TOUCH_PASSES,POST_TOUCH_PASSES_PCT,POST_TOUCH_AST,POST_TOUCH_AST_PCT,POST_TOUCH_TOV,POST_TOUCH_TOV_PCT,POST_TOUCH_FOULS,POST_TOUCH_FOULS_PCT,PULL_UP_FGM,PULL_UP_FG2M,PULL_UP_FGA,PULL_UP_FG2A,PULL_UP_FG_PCT,PULL_UP_FG3M,PULL_UP_FG3A,PULL_UP_FG3_PCT,PULL_UP_PTS,PULL_UP_EFG_PCT,OREB,OREB_CONTEST,OREB_UNCONTEST,OREB_CONTEST_PCT,OREB_CHANCES,OREB_CHANCE_PCT,OREB_CHANCE_DEFER,OREB_CHANCE_PCT_ADJ,AVG_OREB_DIST,DREB,DREB_CONTEST,DREB_UNCONTEST,DREB_CONTEST_PCT,DREB_CHANCES,DREB_CHANCE_PCT,DREB_CHANCE_DEFER,DREB_CHANCE_PCT_ADJ,AVG_DREB_DIST,REB,REB_CONTEST,REB_UNCONTEST,REB_CONTEST_PCT,REB_CHANCES,REB_CHANCE_PCT,REB_CHANCE_DEFER,REB_CHANCE_PCT_ADJ,AVG_REB_DIST,DIST_FEET,DIST_MILES,DIST_MILES_OFF,DIST_MILES_DEF,AVG_SPEED,AVG_SPEED_OFF,AVG_SPEED_DEF,DK_POINTS
2015-10-28,Jeremy Lin,CHA,MIA,27:01,1.0,0.0,2.0,0.0,0.5,3.0,1.0,2.0,0.5,0.75,3.0,4.0,0.75,6.0,1.0,1.0,1.0,2.0,2.0,1.0,4.0,0.667,3.0,0.5,0.0,0.0,0.0,0.0,3.0,0.5,2.0,0.0,0.0,0.0,0.0,0.0,0.0,0.0,0.0,2.0,1.0,0.0,0.0,0.0,0.0,0.0,0.0,2.0,1.0,1.0,1.0,0.0,0.0,0.0,3.0,1.5,1.0,0.5,0.0,0.0,0.0,0.0,0.0,0.0,44.0,49.0,2.0,0.0,0.0,6.0,5.0,2.0,0.045,0.045,17.0,63.0,55.0,3.3,3.1,2.6,0.27,2.0,2.0,2.0,0.0,1.5,1.5,63.0,2.0,1.0,1.0,1.0,0.0,0.0,0.0,3.0,1.5,1.0,0.5,0.0,0.0,0.0,0.0,0.0,0.0,1.0,0.0,5.0,4.0,0.2,1.0,1.0,1.0,3.0,0.3,0.0,0.0,0.0,0.0,0.0,0.0,0.0,0.0,0.0,1.0,0.0,1.0,0.0,3.0,0.333,1.0,0.5,3.1,1.0,0.0,1.0,0.0,3.0,0.333,1.0,0.5,3.1,11035.0,2.1,1.2,0.9,4.32,4.8,3.84,20.75
2015-10-30,Jeremy Lin,CHA,ATL,27:07,2.0,0.0,3.0,0.0,0.667,6.0,2.0,3.0,0.667,1.0,1.0,1.0,1.0,10.0,0.0,3.0,0.0,2.0,2.0,1.0,2.0,0.2,5.0,0.5,2.0,0.2,1.0,0.1,1.0,0.1,2.0,0.0,1.0,0.0,0.0,0.0,0.0,0.0,0.0,1.0,0.5,0.0,0.0,0.0,0.0,0.0,0.0,0.0,0.0,0.0,0.0,0.0,0.0,0.0,0.0,0.0,0.0,0.0,0.0,0.0,0.0,0.0,0.0,0.0,39.0,48.0,4.0,0.0,3.0,6.0,9.0,7.0,0.103,0.179,12.0,59.0,48.0,3.7,3.8,4.0,0.203,2.0,0.0,0.0,0.0,0.0,0.0,59.0,0.0,0.0,0.0,0.0,0.0,0.0,0.0,0.0,0.0,0.0,0.0,0.0,0.0,0.0,0.0,0.0,0.0,0.0,0.0,2.0,1.0,0.0,0.0,1.0,0.0,0.0,0.0,2.0,1.0,1.0,0.5,3.0,0.667,0.0,0.667,19.4,2.0,0.0,2.0,0.0,3.0,0.667,1.0,1.0,6.0,4.0,1.0,3.0,0.25,6.0,0.667,1.0,0.8,12.7,10613.0,2.0,1.2,0.9,4.38,5.07,4.13,23.5
2015-11-01,Jeremy Lin,CHA,ATL,21:28,1.0,0.0,5.0,0.0,0.2,3.0,1.0,5.0,0.2,0.3,0.0,0.0,0.0,4.0,0.0,2.0,0.0,2.0,2.0,1.0,2.0,0.5,0.0,0.0,0.0,0.0,1.0,0.25,1.0,0.25,0.0,0.0,0.0,0.0,0.0,0.0,0.0,0.0,0.0,0.0,0.0,0.0,0.0,0.0,0.0,0.0,0.0,0.0,0.0,0.0,0.0,0.0,0.0,0.0,0.0,0.0,0.0,0.0,0.0,0.0,0.0,0.0,0.0,0.0,32.0,42.0,5.0,0.0,2.0,8.0,10.0,6.0,0.156,0.188,7.0,47.0,44.0,3.4,4.4,4.5,0.149,0.0,0.0,0.0,0.0,0.0,0.0,47.0,0.0,0.0,0.0,0.0,0.0,0.0,0.0,0.0,0.0,0.0,0.0,0.0,0.0,0.0,0.0,0.0,0.0,0.0,0.0,1.0,0.0,0.0,0.0,1.0,0.0,0.0,0.0,1.0,0.0,1.0,0.0,1.0,1.0,0.0,1.0,21.0,1.0,0.0,1.0,0.0,1.0,1.0,0.0,1.0,20.1,2.0,0.0,2.0,0.0,2.0,1.0,0.0,1.0,20.5,7814.0,1.5,0.8,0.7,4.16,4.25,4.07,21.75
2015-11-03,Jeremy Lin,CHA,CHI,18:47,0.0,0.0,0.0,0.0,0.0,0.0,0.0,0.0,0.0,0.0,0.0,0.0,0.0,11.0,2.0,3.0,0.667,3.0,3.0,1.0,7.0,0.636,5.0,0.455,1.0,0.091,1.0,0.091,3.0,0.273,0.0,0.0,0.0,0.0,0.0,0.0,0.0,0.0,0.0,0.0,0.0,0.0,0.0,0.0,0.0,0.0,0.0,0.0,0.0,0.0,0.0,0.0,0.0,0.0,0.0,0.0,0.0,0.0,0.0,0.0,0.0,0.0,0.0,0.0,30.0,38.0,4.0,0.0,0.0,6.0,10.0,4.0,0.133,0.133,15.0,46.0,41.0,3.2,4.2,4.3,0.326,0.0,0.0,0.0,0.0,0.0,0.0,46.0,0.0,0.0,0.0,0.0,0.0,0.0,0.0,0.0,0.0,0.0,0.0,0.0,0.0,0.0,0.0,0.0,0.0,2.0,0.0,5.0,3.0,0.4,2.0,2.0,1.0,6.0,0.6,1.0,1.0,0.0,1.0,1.0,1.0,0.0,1.0,11.7,4.0,0.0,4.0,0.0,6.0,0.667,2.0,1.0,13.3,5.0,1.0,4.0,0.2,7.0,0.714,2.0,1.0,13.0,7445.0,1.4,0.8,0.6,4.47,4.88,4.07,28.75
2015-11-05,Jeremy Lin,CHA,DAL,17:07,0.0,0.0,2.0,0.0,0.0,0.0,0.0,2.0,0.0,0.0,3.0,3.0,1.0,4.0,1.0,2.0,0.5,1.0,1.0,1.0,3.0,0.75,1.0,0.25,0.0,0.0,1.0,0.25,1.0,0.25,0.0,0.0,0.0,0.0,0.0,0.0,0.0,0.0,0.0,0.0,0.0,0.0,0.0,0.0,0.0,0.0,0.0,0.0,0.0,0.0,0.0,0.0,0.0,0.0,0.0,0.0,0.0,0.0,0.0,0.0,0.0,0.0,0.0,0.0,22.0,30.0,2.0,2.0,1.0,4.0,5.0,5.0,0.091,0.227,7.0,34.0,31.0,3.2,5.7,6.0,0.206,0.0,0.0,0.0,0.0,0.0,0.0,34.0,0.0,0.0,0.0,0.0,0.0,0.0,0.0,0.0,0.0,0.0,0.0,0.0,0.0,0.0,0.0,0.0,0.0,1.0,1.0,3.0,2.0,0.333,0.0,1.0,0.0,2.0,0.333,0.0,0.0,0.0,0.0,0.0,0.0,0.0,0.0,0.0,1.0,1.0,0.0,1.0,3.0,0.333,2.0,1.0,8.6,1.0,1.0,0.0,1.0,3.0,0.333,2.0,1.0,8.6,6442.0,1.2,0.7,0.5,4.23,4.74,3.7,14.75
2015-11-07,Jeremy Lin,CHA,SAS,21:59,0.0,0.0,2.0,0.0,0.0,0.0,0.0,2.0,0.0,0.0,2.0,2.0,1.0,6.0,1.0,2.0,0.5,1.0,2.0,0.5,3.0,0.5,3.0,0.5,2.0,0.333,0.0,0.0,1.0,0.167,2.0,1.0,1.0,1.0,0.0,0.0,0.0,2.0,1.0,1.0,0.5,0.0,0.0,0.0,0.0,0.0,0.0,0.0,0.0,0.0,0.0,0.0,0.0,0.0,0.0,0.0,0.0,0.0,0.0,0.0,0.0,0.0,0.0,0.0,26.0,38.0,2.0,0.0,0.0,7.0,4.0,2.0,0.077,0.077,12.0,44.0,42.0,3.7,5.1,5.0,0.273,2.0,0.0,0.0,1.0,0.0,0.0,44.0,0.0,0.0,0.0,0.0,0.0,0.0,0.0,0.0,0.0,0.0,0.0,0.0,0.0,0.0,0.0,0.0,0.0,2.0,1.0,5.0,3.0,0.4,1.0,2.0,0.5,5.0,0.5,0.0,0.0,0.0,0.0,0.0,0.0,0.0,0.0,0.0,3.0,0.0,3.0,0.0,6.0,0.5,1.0,0.6,8.5,3.0,0.0,3.0,0.0,6.0,0.5,1.0,0.6,8.5,8501.0,1.6,0.8,0.8,4.37,4.86,4.0,17.75
2015-11-10,Jeremy Lin,CHA,MIN,25:56,0.0,0.0,4.0,0.0,0.0,0.0,0.0,4.0,0.0,0.0,1.0,1.0,1.0,8.0,4.0,5.0,0.8,0.0,1.0,0.0,8.0,1.0,3.0,0.375,0.0,0.0,0.0,0.0,1.0,0.125,0.0,0.0,0.0,0.0,0.0,0.0,0.0,0.0,0.0,0.0,0.0,0.0,0.0,0.0,0.0,0.0,0.0,0.0,0.0,0.0,0.0,0.0,0.0,0.0,0.0,0.0,0.0,0.0,0.0,0.0,0.0,0.0,0.0,0.0,17.0,32.0,3.0,0.0,1.0,6.0,8.0,4.0,0.176,0.235,19.0,33.0,31.0,2.8,5.1,5.4,0.576,0.0,0.0,0.0,0.0,0.0,0.0,33.0,0.0,0.0,0.0,0.0,0.0,0.0,0.0,0.0,0.0,0.0,0.0,0.0,0.0,0.0,0.0,0.0,0.0,3.0,2.0,3.0,2.0,1.0,1.0,1.0,1.0,7.0,1.167,0.0,0.0,0.0,0.0,0.0,0.0,0.0,0.0,0.0,1.0,0.0,1.0,0.0,2.0,0.5,1.0,1.0,9.6,1.0,0.0,1.0,0.0,2.0,0.5,1.0,1.0,9.6,9082.0,1.7,1.0,0.8,3.95,4.58,3.68,24.5
2015-11-11,Jeremy Lin,CHA,NYK,21:08,0.0,0.0,0.0,0.0,0.0,0.0,0.0,0.0,0.0,0.0,0.0,0.0,0.0,9.0,4.0,5.0,0.8,0.0,0.0,0.0,8.0,0.889,1.0,0.111,1.0,0.111,2.0,0.222,0.0,0.0,1.0,1.0,1.0,1.0,0.0,0.0,0.0,2.0,2.0,0.0,0.0,0.0,0.0,0.0,0.0,0.0,0.0,0.0,0.0,0.0,0.0,0.0,0.0,0.0,0.0,0.0,0.0,0.0,0.0,0.0,0.0,0.0,0.0,0.0,29.0,41.0,3.0,0.0,1.0,7.0,7.0,4.0,0.103,0.138,17.0,47.0,43.0,4.5,5.8,6.2,0.362,1.0,0.0,0.0,2.0,0.0,0.0,47.0,0.0,0.0,0.0,0.0,0.0,0.0,0.0,0.0,0.0,0.0,0.0,0.0,0.0,0.0,0.0,0.0,0.0,3.0,2.0,6.0,5.0,0.5,1.0,1.0,1.0,7.0,0.583,0.0,0.0,0.0,0.0,0.0,0.0,0.0,0.0,0.0,2.0,0.0,2.0,0.0,5.0,0.4,2.0,0.667,5.4,2.0,0.0,2.0,0.0,5.0,0.4,2.0,0.667,5.4,7814.0,1.5,0.7,0.7,4.26,4.45,3.59,28.75
2015-11-13,Jeremy Lin,CHA,CHI,16:33,0.0,0.0,0.0,0.0,0.0,0.0,0.0,0.0,0.0,0.0,0.0,1.0,0.0,4.0,1.0,4.0,0.25,0.0,0.0,0.0,2.0,0.5,0.0,0.0,0.0,0.0,0.0,0.0,0.0,0.0,0.0,0.0,0.0,0.0,0.0,0.0,0.0,0.0,0.0,0.0,0.0,0.0,0.0,0.0,0.0,0.0,0.0,0.0,0.0,0.0,0.0,0.0,0.0,0.0,0.0,0.0,0.0,0.0,0.0,0.0,0.0,0.0,0.0,0.0,23.0,26.0,1.0,1.0,0.0,2.0,4.0,2.0,0.043,0.087,4.0,32.0,27.0,2.8,5.3,5.1,0.125,0.0,0.0,0.0,0.0,0.0,0.0,32.0,0.0,0.0,0.0,0.0,0.0,0.0,0.0,0.0,0.0,0.0,0.0,0.0,0.0,0.0,0.0,0.0,0.0,1.0,1.0,3.0,2.0,0.333,0.0,1.0,0.0,2.0,0.333,0.0,0.0,0.0,0.0,0.0,0.0,0.0,0.0,0.0,1.0,0.0,1.0,0.0,3.0,0.333,0.0,0.333,5.8,1.0,0.0,1.0,0.0,3.0,0.333,0.0,0.333,5.8,6283.0,1.2,0.6,0.6,4.34,4.57,4.18,10.5
2015-11-15,Jeremy Lin,CHA,POR,20:14,1.0,0.0,4.0,0.0,0.25,3.0,1.0,4.0,0.25,0.375,0.0,0.0,0.0,5.0,1.0,1.0,1.0,0.0,0.0,0.0,2.0,0.4,2.0,0.4,1.0,0.2,1.0,0.2,0.0,0.0,1.0,0.0,1.0,0.0,0.0,0.0,0.0,0.0,0.0,0.0,0.0,0.0,0.0,0.0,0.0,0.0,0.0,0.0,0.0,0.0,0.0,0.0,0.0,0.0,0.0,0.0,0.0,0.0,0.0,0.0,0.0,0.0,0.0,0.0,25.0,35.0,3.0,0.0,2.0,5.0,6.0,5.0,0.12,0.2,5.0,40.0,35.0,2.3,3.4,3.5,0.125,1.0,0.0,0.0,0.0,0.0,0.0,40.0,0.0,0.0,0.0,0.0,0.0,0.0,0.0,0.0,0.0,0.0,0.0,0.0,0.0,0.0,0.0,0.0,0.0,0.0,0.0,3.0,3.0,0.0,0.0,0.0,0.0,0.0,0.0,0.0,0.0,0.0,0.0,0.0,0.0,0.0,0.0,0.0,0.0,0.0,0.0,0.0,2.0,0.0,1.0,0.0,0.0,0.0,0.0,0.0,0.0,2.0,0.0,1.0,0.0,0.0,7286.0,1.4,0.8,0.6,4.16,4.63,3.58,12.75
2015-11-17,Jeremy Lin,CHA,NYK,28:25,0.0,0.0,1.0,0.0,0.0,0.0,0.0,1.0,0.0,0.0,2.0,4.0,0.5,,,,,,,,,,,,,,,,,,0.0,0.0,0.0,0.0,0.0,0.0,0.0,0.0,0.0,0.0,0.0,0.0,0.0,0.0,0.0,0.0,0.0,0.0,0.0,0.0,0.0,0.0,0.0,0.0,0.0,0.0,0.0,0.0,0.0,0.0,0.0,0.0,0.0,0.0,23.0,28.0,3.0,0.0,1.0,7.0,7.0,4.0,0.13,0.174,13.0,39.0,37.0,3.3,5.0,5.0,0.333,0.0,0.0,0.0,0.0,0.0,0.0,39.0,0.0,0.0,0.0,0.0,0.0,0.0,0.0,0.0,0.0,0.0,0.0,0.0,0.0,0.0,0.0,0.0,0.0,1.0,1.0,4.0,3.0,0.25,0.0,1.0,0.0,2.0,0.25,1.0,0.0,1.0,0.0,2.0,0.5,0.0,0.5,13.3,4.0,0.0,4.0,0.0,6.0,0.667,1.0,0.8,6.0,5.0,0.0,5.0,0.0,8.0,0.625,1.0,0.714,7.4,10930.0,2.1,1.1,1.0,4.36,5.14,3.8,22.0
2015-11-18,Jeremy Lin,CHA,BKN,28:52,0.0,0.0,4.0,1.0,0.0,0.0,0.0,3.0,0.0,0.0,1.0,1.0,1.0,10.0,2.0,4.0,0.5,2.0,2.0,1.0,6.0,0.6,3.0,0.3,1.0,0.1,1.0,0.1,2.0,0.2,1.0,0.0,0.0,0.0,0.0,0.0,0.0,0.0,0.0,1.0,1.0,1.0,1.0,0.0,0.0,0.0,0.0,2.0,2.0,2.0,1.0,0.0,0.0,0.0,4.0,2.0,0.0,0.0,0.0,0.0,0.0,0.0,0.0,0.0,47.0,51.0,4.0,1.0,0.0,6.0,11.0,5.0,0.085,0.106,13.0,68.0,54.0,4.3,3.8,4.0,0.191,1.0,2.0,2.0,0.0,2.0,2.0,68.0,2.0,2.0,2.0,1.0,0.0,0.0,0.0,4.0,2.0,0.0,0.0,0.0,0.0,0.0,0.0,0.0,0.0,0.0,0.0,1.0,0.0,0.0,0.0,1.0,0.0,0.0,0.0,1.0,1.0,0.0,1.0,1.0,1.0,0.0,1.0,7.6,8.0,0.0,8.0,0.0,10.0,0.8,0.0,0.8,5.7,9.0,1.0,8.0,0.111,11.0,0.818,0.0,0.818,5.9,10824.0,2.1,1.2,0.9,4.4,5.03,3.78,29.25
2015-11-20,Jeremy Lin,CHA,PHI,29:17,1.0,0.0,2.0,0.0,0.5,3.0,1.0,2.0,0.5,0.75,1.0,4.0,0.25,4.0,0.0,2.0,0.0,2.0,2.0,1.0,2.0,0.5,1.0,0.25,1.0,0.25,0.0,0.0,1.0,0.25,0.0,0.0,0.0,0.0,0.0,0.0,0.0,0.0,0.0,0.0,0.0,0.0,0.0,0.0,0.0,0.0,0.0,2.0,2.0,2.0,1.0,0.0,0.0,0.0,4.0,2.0,0.0,0.0,0.0,0.0,0.0,0.0,0.0,0.0,14.0,21.0,2.0,0.0,0.0,4.0,4.0,2.0,0.143,0.143,9.0,27.0,22.0,1.6,3.5,2.9,0.333,0.0,2.0,2.0,0.0,2.0,2.0,27.0,2.0,2.0,2.0,1.0,0.0,0.0,0.0,4.0,2.0,0.0,0.0,0.0,0.0,0.0,0.0,0.0,0.0,0.0,0.0,2.0,1.0,0.0,0.0,1.0,0.0,0.0,0.0,0.0,0.0,0.0,0.0,1.0,0.0,0.0,0.0,0.0,3.0,0.0,3.0,0.0,3.0,1.0,0.0,1.0,7.4,3.0,0.0,3.0,0.0,4.0,0.75,0.0,0.75,7.4,11616.0,2.2,1.1,1.1,4.5,4.81,4.18,17.75
2015-11-23,Jeremy Lin,CHA,SAC,30:41,1.0,0.0,3.0,0.0,0.333,3.0,1.0,3.0,0.333,0.5,1.0,2.0,0.5,7.0,3.0,5.0,0.6,1.0,1.0,1.0,7.0,1.0,0.0,0.0,0.0,0.0,1.0,0.143,2.0,0.286,0.0,0.0,0.0,0.0,0.0,0.0,0.0,0.0,0.0,0.0,0.0,0.0,0.0,0.0,0.0,0.0,0.0,0.0,0.0,0.0,0.0,0.0,0.0,0.0,0.0,0.0,0.0,0.0,0.0,0.0,0.0,0.0,0.0,0.0,30.0,41.0,3.0,0.0,0.0,4.0,7.0,3.0,0.1,0.1,14.0,53.0,47.0,2.7,3.0,2.9,0.264,0.0,0.0,0.0,0.0,0.0,0.0,53.0,0.0,0.0,0.0,0.0,0.0,0.0,0.0,0.0,0.0,0.0,0.0,0.0,0.0,0.0,0.0,0.0,0.0,1.0,1.0,3.0,3.0,0.333,0.0,0.0,0.0,2.0,0.333,1.0,0.0,1.0,0.0,2.0,0.5,0.0,0.5,16.8,2.0,0.0,2.0,0.0,5.0,0.4,3.0,1.0,4.8,3.0,0.0,3.0,0.0,7.0,0.429,3.0,0.75,8.8,11880.0,2.3,1.2,1.1,4.5,4.78,4.21,26.0
2015-11-25,Jeremy Lin,CHA,WAS,15:16,0.0,0.0,1.0,0.0,0.0,0.0,0.0,1.0,0.0,0.0,0.0,1.0,0.0,3.0,1.0,1.0,1.0,1.0,1.0,1.0,3.0,1.0,2.0,0.667,0.0,0.0,0.0,0.0,1.0,0.333,0.0,0.0,0.0,0.0,0.0,0.0,0.0,0.0,0.0,0.0,0.0,0.0,0.0,0.0,0.0,0.0,0.0,0.0,0.0,0.0,0.0,0.0,0.0,0.0,0.0,0.0,0.0,0.0,0.0,0.0,0.0,0.0,0.0,0.0,14.0,21.0,0.0,0.0,0.0,5.0,0.0,0.0,0.0,0.0,5.0,23.0,20.0,1.9,4.9,5.1,0.217,0.0,0.0,0.0,0.0,0.0,0.0,23.0,0.0,0.0,0.0,0.0,0.0,0.0,0.0,0.0,0.0,0.0,0.0,0.0,0.0,0.0,0.0,0.0,0.0,1.0,1.0,2.0,2.0,0.5,0.0,0.0,0.0,2.0,0.5,0.0,0.0,0.0,0.0,0.0,0.0,0.0,0.0,0.0,0.0,0.0,0.0,0.0,3.0,0.0,3.0,0.0,0.0,0.0,0.0,0.0,0.0,3.0,0.0,3.0,0.0,0.0,5650.0,1.1,0.6,0.5,4.32,4.93,3.82,7.5
2015-11-27,Jeremy Lin,CHA,CLE,19:53,1.0,0.0,1.0,0.0,1.0,3.0,1.0,1.0,1.0,1.5,1.0,1.0,1.0,7.0,1.0,3.0,0.333,0.0,0.0,0.0,2.0,0.286,3.0,0.429,0.0,0.0,1.0,0.143,1.0,0.143,0.0,0.0,0.0,0.0,0.0,0.0,0.0,0.0,0.0,0.0,0.0,0.0,0.0,0.0,0.0,0.0,0.0,0.0,0.0,0.0,0.0,0.0,0.0,0.0,0.0,0.0,0.0,0.0,0.0,0.0,0.0,0.0,0.0,0.0,25.0,30.0,4.0,0.0,0.0,7.0,9.0,4.0,0.16,0.16,7.0,37.0,31.0,3.1,5.1,5.3,0.189,0.0,0.0,0.0,0.0,0.0,0.0,37.0,0.0,0.0,0.0,0.0,0.0,0.0,0.0,0.0,0.0,0.0,0.0,0.0,0.0,0.0,0.0,0.0,0.0,0.0,0.0,1.0,0.0,0.0,0.0,1.0,0.0,0.0,0.0,0.0,0.0,0.0,0.0,1.0,0.0,0.0,0.0,0.0,4.0,0.0,4.0,0.0,5.0,0.8,1.0,1.0,6.3,4.0,0.0,4.0,0.0,6.0,0.667,1.0,0.8,6.3,7234.0,1.4,0.7,0.6,4.19,4.51,3.38,16.5
2015-11-29,Jeremy Lin,CHA,MIL,22:20,1.0,0.0,1.0,0.0,1.0,3.0,1.0,1.0,1.0,1.5,2.0,4.0,0.5,6.0,0.0,0.0,0.0,2.0,2.0,1.0,2.0,0.333,3.0,0.5,2.0,0.333,0.0,0.0,3.0,0.5,0.0,0.0,0.0,0.0,0.0,0.0,0.0,0.0,0.0,0.0,0.0,0.0,0.0,0.0,0.0,0.0,0.0,0.0,0.0,0.0,0.0,0.0,0.0,0.0,0.0,0.0,0.0,0.0,0.0,0.0,0.0,0.0,0.0,0.0,30.0,33.0,4.0,1.0,0.0,8.0,12.0,5.0,0.133,0.167,7.0,42.0,32.0,2.3,3.3,3.3,0.167,0.0,0.0,0.0,0.0,0.0,0.0,42.0,0.0,0.0,0.0,0.0,0.0,0.0,0.0,0.0,0.0,0.0,0.0,0.0,0.0,0.0,0.0,0.0,0.0,0.0,0.0,3.0,3.0,0.0,0.0,0.0,0.0,0.0,0.0,0.0,0.0,0.0,0.0,0.0,0.0,0.0,0.0,0.0,3.0,2.0,1.0,0.667,6.0,0.5,2.0,0.75,4.9,3.0,2.0,1.0,0.667,6.0,0.5,2.0,0.75,4.9,8131.0,1.5,0.9,0.7,3.99,4.81,3.71,16.25
2015-12-02,Jeremy Lin,CHA,GSW,13:24,1.0,0.0,2.0,0.0,0.5,3.0,1.0,2.0,0.5,0.75,1.0,1.0,1.0,1.0,0.0,0.0,0.0,0.0,0.0,0.0,0.0,0.0,1.0,1.0,0.0,0.0,0.0,0.0,0.0,0.0,0.0,0.0,0.0,0.0,0.0,0.0,0.0,0.0,0.0,0.0,0.0,0.0,0.0,0.0,0.0,0.0,0.0,1.0,0.0,0.0,0.0,1.0,2.0,0.5,1.0,1.0,0.0,0.0,0.0,0.0,0.0,0.0,1.0,1.0,17.0,20.0,3.0,0.0,0.0,5.0,7.0,3.0,0.176,0.176,5.0,22.0,21.0,1.5,4.0,3.5,0.227,0.0,1.0,1.0,0.0,1.0,1.0,22.0,1.0,0.0,0.0,0.0,1.0,2.0,0.5,1.0,1.0,0.0,0.0,0.0,0.0,0.0,0.0,1.0,1.0,0.0,0.0,0.0,0.0,0.0,0.0,0.0,0.0,0.0,0.0,0.0,0.0,0.0,0.0,0.0,0.0,0.0,0.0,0.0,0.0,0.0,0.0,0.0,5.0,0.0,2.0,0.0,0.0,0.0,0.0,0.0,0.0,5.0,0.0,2.0,0.0,0.0,5016.0,1.0,0.5,0.4,4.42,4.43,3.62,12.75
2015-12-05,Jeremy Lin,CHA,CHI,26:40,0.0,0.0,1.0,0.0,0.0,0.0,0.0,1.0,0.0,0.0,3.0,4.0,0.75,4.0,0.0,1.0,0.0,0.0,0.0,0.0,0.0,0.0,2.0,0.5,1.0,0.25,0.0,0.0,1.0,0.25,1.0,0.0,1.0,0.0,0.0,0.0,0.0,0.0,0.0,0.0,0.0,0.0,0.0,0.0,0.0,0.0,0.0,0.0,0.0,0.0,0.0,0.0,0.0,0.0,0.0,0.0,0.0,0.0,0.0,0.0,0.0,0.0,0.0,0.0,26.0,29.0,3.0,0.0,1.0,5.0,8.0,4.0,0.115,0.154,9.0,40.0,33.0,2.9,4.3,3.7,0.225,1.0,0.0,0.0,0.0,0.0,0.0,40.0,0.0,0.0,0.0,0.0,0.0,0.0,0.0,0.0,0.0,0.0,0.0,0.0,0.0,0.0,0.0,0.0,0.0,1.0,1.0,3.0,1.0,0.333,0.0,2.0,0.0,2.0,0.333,2.0,1.0,1.0,0.5,3.0,0.667,0.0,0.667,1.5,3.0,1.0,2.0,0.333,7.0,0.429,3.0,0.75,12.0,5.0,2.0,3.0,0.4,10.0,0.5,3.0,0.714,7.8,10507.0,2.0,1.1,0.9,4.52,4.7,4.25,25.0
2015-12-07,Jeremy Lin,CHA,DET,26:14,1.0,0.0,2.0,0.0,0.5,3.0,1.0,2.0,0.5,0.75,0.0,0.0,0.0,7.0,3.0,4.0,0.75,1.0,2.0,0.5,7.0,1.0,1.0,0.143,1.0,0.143,1.0,0.143,1.0,0.143,0.0,0.0,0.0,0.0,0.0,0.0,0.0,0.0,0.0,0.0,0.0,0.0,0.0,0.0,0.0,0.0,0.0,0.0,0.0,0.0,0.0,0.0,0.0,0.0,0.0,0.0,0.0,0.0,0.0,0.0,0.0,0.0,0.0,0.0,36.0,45.0,4.0,0.0,1.0,9.0,9.0,5.0,0.111,0.139,13.0,51.0,47.0,4.3,5.1,5.2,0.255,0.0,1.0,0.0,0.0,0.0,0.0,51.0,1.0,0.0,0.0,0.0,0.0,0.0,0.0,0.0,0.0,1.0,1.0,0.0,0.0,0.0,0.0,0.0,0.0,1.0,1.0,5.0,4.0,0.2,0.0,1.0,0.0,2.0,0.2,0.0,0.0,0.0,0.0,0.0,0.0,0.0,0.0,0.0,3.0,3.0,0.0,1.0,6.0,0.5,1.0,0.6,11.6,3.0,3.0,0.0,1.0,6.0,0.5,1.0,0.6,11.6,9874.0,1.9,1.0,0.8,4.37,4.66,3.52,25.75
2015-12-09,Jeremy Lin,CHA,MIA,19:50,1.0,0.0,3.0,0.0,0.333,3.0,1.0,3.0,0.333,0.5,0.0,1.0,0.0,4.0,0.0,1.0,0.0,0.0,0.0,0.0,0.0,0.0,3.0,0.75,0.0,0.0,0.0,0.0,0.0,0.0,0.0,0.0,0.0,0.0,0.0,0.0,0.0,0.0,0.0,0.0,0.0,0.0,0.0,0.0,0.0,0.0,0.0,0.0,0.0,0.0,0.0,0.0,0.0,0.0,0.0,0.0,0.0,0.0,0.0,0.0,0.0,0.0,0.0,0.0,26.0,33.0,2.0,0.0,2.0,6.0,4.0,4.0,0.077,0.154,5.0,34.0,33.0,2.3,4.0,3.8,0.147,0.0,0.0,0.0,0.0,0.0,0.0,34.0,0.0,0.0,0.0,0.0,0.0,0.0,0.0,0.0,0.0,0.0,0.0,0.0,0.0,0.0,0.0,0.0,0.0,1.0,1.0,1.0,1.0,1.0,0.0,0.0,0.0,2.0,1.0,0.0,0.0,0.0,0.0,0.0,0.0,0.0,0.0,0.0,0.0,0.0,0.0,0.0,2.0,0.0,2.0,0.0,0.0,0.0,0.0,0.0,0.0,2.0,0.0,2.0,0.0,0.0,7339.0,1.4,0.8,0.6,4.23,4.62,3.84,9.5
2015-12-11,Jeremy Lin,CHA,MEM,26:53,1.0,0.0,3.0,0.0,0.333,3.0,1.0,3.0,0.333,0.5,2.0,6.0,0.333,13.0,2.0,4.0,0.5,4.0,5.0,0.8,8.0,0.615,5.0,0.385,1.0,0.077,2.0,0.154,3.0,0.231,0.0,0.0,0.0,0.0,0.0,0.0,0.0,0.0,0.0,0.0,0.0,0.0,0.0,0.0,0.0,0.0,0.0,0.0,0.0,0.0,0.0,0.0,0.0,0.0,0.0,0.0,0.0,0.0,0.0,0.0,0.0,0.0,0.0,0.0,43.0,52.0,2.0,3.0,2.0,7.0,7.0,7.0,0.047,0.163,16.0,63.0,52.0,3.9,3.7,3.8,0.254,0.0,0.0,0.0,0.0,0.0,0.0,63.0,0.0,0.0,0.0,0.0,0.0,0.0,0.0,0.0,0.0,0.0,0.0,0.0,0.0,0.0,0.0,0.0,0.0,1.0,0.0,3.0,1.0,0.333,1.0,2.0,0.5,3.0,0.5,2.0,1.0,1.0,0.5,3.0,0.667,0.0,0.667,26.4,2.0,0.0,2.0,0.0,5.0,0.4,2.0,0.667,9.7,4.0,1.0,3.0,0.25,8.0,0.5,2.0,0.667,18.0,10454.0,2.0,1.2,0.8,4.44,4.9,3.86,31.5
2015-12-12,Jeremy Lin,CHA,BOS,31:55,0.0,0.0,1.0,0.0,0.0,0.0,0.0,1.0,0.0,0.0,3.0,3.0,1.0,11.0,3.0,4.0,0.75,4.0,4.0,1.0,10.0,0.909,4.0,0.364,1.0,0.091,1.0,0.091,2.0,0.182,0.0,0.0,0.0,0.0,0.0,0.0,0.0,0.0,0.0,0.0,0.0,0.0,0.0,0.0,0.0,0.0,0.0,0.0,0.0,0.0,0.0,0.0,0.0,0.0,0.0,0.0,0.0,0.0,0.0,0.0,0.0,0.0,0.0,0.0,36.0,45.0,2.0,0.0,2.0,7.0,5.0,4.0,0.056,0.111,14.0,53.0,43.0,3.9,4.4,4.6,0.264,0.0,0.0,0.0,0.0,0.0,0.0,53.0,0.0,0.0,0.0,0.0,0.0,0.0,0.0,0.0,0.0,0.0,0.0,0.0,0.0,0.0,0.0,0.0,0.0,2.0,2.0,5.0,5.0,0.4,0.0,0.0,0.0,4.0,0.4,1.0,0.0,1.0,0.0,1.0,1.0,0.0,1.0,19.3,4.0,1.0,3.0,0.25,7.0,0.571,2.0,0.8,8.9,5.0,1.0,4.0,0.2,8.0,0.625,2.0,0.833,11.0,11616.0,2.2,1.3,0.9,4.1,4.64,3.54,26.25
2015-12-16,Jeremy Lin,CHA,ORL,29:25,1.0,0.0,4.0,0.0,0.25,3.0,1.0,4.0,0.25,0.375,0.0,0.0,0.0,6.0,1.0,1.0,1.0,0.0,0.0,0.0,2.0,0.333,3.0,0.5,0.0,0.0,1.0,0.167,0.0,0.0,2.0,1.0,1.0,1.0,0.0,0.0,0.0,2.0,1.0,1.0,0.5,1.0,0.5,0.0,0.0,0.0,0.0,0.0,0.0,0.0,0.0,0.0,0.0,0.0,0.0,0.0,0.0,0.0,0.0,0.0,0.0,0.0,0.0,0.0,43.0,53.0,4.0,0.0,0.0,9.0,9.0,4.0,0.093,0.093,8.0,59.0,54.0,3.9,4.0,3.3,0.136,2.0,1.0,0.0,1.0,0.0,0.0,59.0,1.0,0.0,0.0,0.0,0.0,0.0,0.0,0.0,0.0,0.0,0.0,0.0,0.0,0.0,0.0,0.0,0.0,1.0,1.0,3.0,3.0,0.333,0.0,0.0,0.0,2.0,0.333,1.0,1.0,0.0,1.0,1.0,1.0,0.0,1.0,26.6,1.0,1.0,0.0,1.0,6.0,0.167,3.0,0.333,2.3,2.0,2.0,0.0,1.0,7.0,0.286,3.0,0.5,14.5,11352.0,2.2,1.2,1.0,4.5,4.88,4.02,15.5
2015-12-17,Jeremy Lin,CHA,TOR,47:27,2.0,0.0,4.0,0.0,0.5,6.0,2.0,4.0,0.5,0.75,3.0,3.0,1.0,16.0,2.0,7.0,0.286,0.0,0.0,0.0,4.0,0.25,6.0,0.375,1.0,0.063,3.0,0.188,0.0,0.0,0.0,0.0,0.0,0.0,0.0,0.0,0.0,0.0,0.0,0.0,0.0,0.0,0.0,0.0,0.0,0.0,0.0,2.0,2.0,2.0,1.0,0.0,0.0,0.0,4.0,2.0,0.0,0.0,0.0,0.0,0.0,0.0,0.0,0.0,59.0,72.0,4.0,0.0,2.0,10.0,10.0,6.0,0.068,0.102,35.0,88.0,76.0,5.6,3.8,4.0,0.398,0.0,3.0,2.0,0.0,1.333,2.0,88.0,3.0,2.0,3.0,0.667,0.0,0.0,0.0,4.0,1.333,0.0,0.0,0.0,0.0,0.0,0.0,0.0,0.0,4.0,4.0,6.0,5.0,0.667,0.0,1.0,0.0,8.0,0.667,0.0,0.0,0.0,0.0,0.0,0.0,0.0,0.0,0.0,5.0,3.0,2.0,0.6,9.0,0.556,3.0,0.833,6.4,5.0,3.0,2.0,0.6,9.0,0.556,3.0,0.833,6.4,17424.0,3.3,1.8,1.5,4.2,4.77,3.62,49.75
2015-12-19,Jeremy Lin,CHA,WAS,36:07,2.0,0.0,3.0,1.0,0.667,6.0,2.0,2.0,1.0,1.0,0.0,0.0,0.0,12.0,3.0,3.0,1.0,0.0,0.0,0.0,6.0,0.5,7.0,0.583,2.0,0.167,2.0,0.167,1.0,0.083,0.0,0.0,0.0,0.0,0.0,0.0,0.0,0.0,0.0,0.0,0.0,0.0,0.0,0.0,0.0,0.0,0.0,1.0,0.0,1.0,0.0,0.0,0.0,0.0,0.0,0.0,0.0,0.0,0.0,0.0,0.0,0.0,0.0,0.0,48.0,54.0,7.0,1.0,1.0,15.0,16.0,9.0,0.146,0.188,15.0,66.0,59.0,4.1,3.7,3.4,0.227,0.0,1.0,1.0,0.0,0.0,0.0,66.0,1.0,0.0,1.0,0.0,0.0,0.0,0.0,0.0,0.0,0.0,0.0,0.0,0.0,0.0,0.0,0.0,0.0,1.0,1.0,3.0,3.0,0.333,0.0,0.0,0.0,2.0,0.333,1.0,1.0,0.0,1.0,3.0,0.333,2.0,1.0,5.8,5.0,0.0,5.0,0.0,9.0,0.556,2.0,0.714,11.1,6.0,1.0,5.0,0.167,12.0,0.5,4.0,0.75,10.2,14098.0,2.7,1.5,1.1,4.45,4.77,3.8,30.75
2015-12-21,Jeremy Lin,CHA,HOU,21:46,1.0,0.0,3.0,0.0,0.333,3.0,1.0,3.0,0.333,0.5,0.0,1.0,0.0,9.0,2.0,2.0,1.0,2.0,3.0,0.667,6.0,0.667,5.0,0.556,2.0,0.222,0.0,0.0,2.0,0.222,0.0,0.0,0.0,0.0,0.0,0.0,0.0,0.0,0.0,0.0,0.0,0.0,0.0,0.0,0.0,0.0,0.0,0.0,0.0,0.0,0.0,0.0,0.0,0.0,0.0,0.0,0.0,0.0,0.0,0.0,0.0,0.0,0.0,0.0,23.0,28.0,5.0,0.0,0.0,10.0,13.0,5.0,0.217,0.217,13.0,33.0,30.0,2.3,4.1,3.2,0.394,0.0,1.0,0.0,0.0,0.0,0.0,33.0,1.0,0.0,0.0,0.0,0.0,0.0,0.0,0.0,0.0,1.0,1.0,0.0,0.0,0.0,0.0,0.0,0.0,1.0,1.0,1.0,1.0,1.0,0.0,0.0,0.0,2.0,1.0,1.0,1.0,0.0,1.0,2.0,0.5,0.0,0.5,19.8,0.0,0.0,0.0,0.0,1.0,0.0,0.0,0.0,0.0,1.0,1.0,0.0,1.0,3.0,0.333,0.0,0.333,19.8,8237.0,1.6,0.9,0.7,4.41,4.65,4.09,20.5
2015-12-23,Jeremy Lin,CHA,BOS,32:10,0.0,0.0,0.0,0.0,0.0,0.0,0.0,0.0,0.0,0.0,1.0,2.0,0.5,11.0,0.0,5.0,0.0,2.0,2.0,1.0,2.0,0.182,4.0,0.364,1.0,0.091,1.0,0.091,1.0,0.091,0.0,0.0,0.0,0.0,0.0,0.0,0.0,0.0,0.0,0.0,0.0,0.0,0.0,0.0,0.0,0.0,0.0,2.0,1.0,1.0,1.0,0.0,0.0,0.0,2.0,1.0,1.0,0.5,0.0,0.0,0.0,0.0,1.0,0.5,27.0,35.0,3.0,0.0,1.0,5.0,8.0,4.0,0.111,0.148,12.0,46.0,45.0,2.8,3.7,3.6,0.261,0.0,3.0,2.0,0.0,0.667,1.0,46.0,3.0,1.0,2.0,0.5,0.0,0.0,0.0,2.0,0.667,1.0,0.333,0.0,0.0,0.0,0.0,1.0,0.333,1.0,1.0,5.0,4.0,0.2,0.0,1.0,0.0,2.0,0.2,4.0,3.0,1.0,0.75,4.0,1.0,0.0,1.0,5.9,4.0,0.0,4.0,0.0,4.0,1.0,0.0,1.0,7.6,8.0,3.0,5.0,0.375,8.0,1.0,0.0,1.0,6.8,11669.0,2.2,1.2,1.0,4.08,4.46,3.7,27.75
2015-12-26,Jeremy Lin,CHA,MEM,27:50,2.0,0.0,4.0,1.0,0.5,6.0,2.0,3.0,0.667,0.75,3.0,5.0,0.6,7.0,0.0,1.0,0.0,1.0,2.0,0.5,1.0,0.143,4.0,0.571,0.0,0.0,1.0,0.143,1.0,0.143,0.0,0.0,0.0,0.0,0.0,0.0,0.0,0.0,0.0,0.0,0.0,0.0,0.0,0.0,0.0,0.0,0.0,0.0,0.0,0.0,0.0,0.0,0.0,0.0,0.0,0.0,0.0,0.0,0.0,0.0,0.0,0.0,0.0,0.0,38.0,42.0,3.0,1.0,0.0,9.0,8.0,4.0,0.079,0.105,13.0,55.0,47.0,3.2,3.5,3.4,0.236,0.0,1.0,0.0,0.0,2.0,0.0,55.0,1.0,0.0,0.0,0.0,2.0,2.0,1.0,2.0,2.0,0.0,0.0,0.0,0.0,0.0,0.0,1.0,1.0,0.0,0.0,2.0,2.0,0.0,0.0,0.0,0.0,0.0,0.0,0.0,0.0,0.0,0.0,0.0,0.0,0.0,0.0,0.0,5.0,1.0,4.0,0.2,10.0,0.5,3.0,0.714,9.4,5.0,1.0,4.0,0.2,10.0,0.5,3.0,0.714,9.4,10190.0,1.9,1.1,0.8,4.13,4.73,3.44,26.5
2015-12-28,Jeremy Lin,CHA,LAL,34:37,2.0,1.0,3.0,1.0,0.667,5.0,1.0,2.0,0.5,0.833,5.0,6.0,0.833,8.0,3.0,4.0,0.75,2.0,3.0,0.667,8.0,1.0,0.0,0.0,0.0,0.0,3.0,0.375,2.0,0.25,0.0,0.0,0.0,0.0,0.0,0.0,0.0,0.0,0.0,0.0,0.0,0.0,0.0,0.0,0.0,0.0,0.0,0.0,0.0,0.0,0.0,0.0,0.0,0.0,0.0,0.0,0.0,0.0,0.0,0.0,0.0,0.0,0.0,0.0,38.0,45.0,4.0,0.0,0.0,6.0,8.0,4.0,0.105,0.105,13.0,55.0,50.0,3.6,3.9,3.5,0.236,0.0,0.0,0.0,0.0,0.0,0.0,55.0,0.0,0.0,0.0,0.0,0.0,0.0,0.0,0.0,0.0,0.0,0.0,0.0,0.0,0.0,0.0,0.0,0.0,0.0,0.0,3.0,2.0,0.0,0.0,1.0,0.0,0.0,0.0,1.0,0.0,1.0,0.0,1.0,1.0,0.0,1.0,23.3,5.0,1.0,4.0,0.2,6.0,0.833,0.0,0.833,9.7,6.0,1.0,5.0,0.167,7.0,0.857,0.0,0.857,12.0,12144.0,2.3,1.3,1.0,4.0,4.54,3.37,30.5
2016-01-02,Jeremy Lin,CHA,OKC,33:50,2.0,1.0,3.0,1.0,0.667,5.0,1.0,2.0,0.5,0.833,2.0,6.0,0.333,13.0,2.0,8.0,0.25,2.0,2.0,1.0,6.0,0.462,4.0,0.308,2.0,0.154,0.0,0.0,2.0,0.154,3.0,2.0,2.0,1.0,0.0,0.0,0.0,4.0,1.333,1.0,0.333,1.0,0.333,0.0,0.0,0.0,0.0,0.0,0.0,0.0,0.0,0.0,0.0,0.0,0.0,0.0,0.0,0.0,0.0,0.0,0.0,0.0,0.0,0.0,34.0,52.0,4.0,0.0,0.0,10.0,11.0,4.0,0.118,0.118,15.0,60.0,57.0,4.2,4.2,4.0,0.25,3.0,0.0,0.0,1.333,0.0,0.0,60.0,0.0,0.0,0.0,0.0,0.0,0.0,0.0,0.0,0.0,0.0,0.0,0.0,0.0,0.0,0.0,0.0,0.0,1.0,1.0,4.0,2.0,0.25,0.0,2.0,0.0,2.0,0.25,0.0,0.0,0.0,0.0,1.0,0.0,0.0,0.0,0.0,1.0,0.0,1.0,0.0,6.0,0.167,2.0,0.25,5.2,1.0,0.0,1.0,0.0,7.0,0.143,2.0,0.2,5.2,12619.0,2.4,1.3,1.1,4.22,4.59,3.94,25.75
2016-01-04,Jeremy Lin,CHA,GSW,30:56,0.0,0.0,2.0,0.0,0.0,0.0,0.0,2.0,0.0,0.0,1.0,1.0,1.0,8.0,3.0,4.0,0.75,2.0,2.0,1.0,8.0,1.0,2.0,0.25,0.0,0.0,1.0,0.125,2.0,0.25,2.0,0.0,1.0,0.0,0.0,0.0,0.0,0.0,0.0,1.0,0.5,0.0,0.0,0.0,0.0,0.0,0.0,0.0,0.0,0.0,0.0,0.0,0.0,0.0,0.0,0.0,0.0,0.0,0.0,0.0,0.0,0.0,0.0,0.0,26.0,32.0,1.0,0.0,0.0,3.0,2.0,1.0,0.038,0.038,13.0,42.0,40.0,2.3,3.3,2.8,0.31,2.0,0.0,0.0,0.0,0.0,0.0,42.0,0.0,0.0,0.0,0.0,0.0,0.0,0.0,0.0,0.0,0.0,0.0,0.0,0.0,0.0,0.0,0.0,0.0,3.0,2.0,7.0,4.0,0.429,1.0,3.0,0.333,7.0,0.5,0.0,0.0,0.0,0.0,1.0,0.0,0.0,0.0,0.0,3.0,0.0,3.0,0.0,4.0,0.75,1.0,1.0,7.7,3.0,0.0,3.0,0.0,5.0,0.6,1.0,0.75,7.7,12250.0,2.3,1.3,1.1,4.46,4.81,4.4,18.0
2016-01-06,Jeremy Lin,CHA,PHX,29:18,1.0,0.0,2.0,0.0,0.5,3.0,1.0,2.0,0.5,0.75,0.0,1.0,0.0,10.0,3.0,3.0,1.0,2.0,4.0,0.5,8.0,0.8,4.0,0.4,1.0,0.1,1.0,0.1,2.0,0.2,2.0,0.0,2.0,0.0,0.0,0.0,0.0,0.0,0.0,0.0,0.0,0.0,0.0,0.0,0.0,0.0,0.0,0.0,0.0,0.0,0.0,0.0,0.0,0.0,0.0,0.0,0.0,0.0,0.0,0.0,0.0,0.0,0.0,0.0,38.0,43.0,4.0,0.0,2.0,10.0,10.0,6.0,0.105,0.158,15.0,57.0,53.0,3.2,3.4,3.2,0.263,2.0,0.0,0.0,0.0,0.0,0.0,57.0,0.0,0.0,0.0,0.0,0.0,0.0,0.0,0.0,0.0,0.0,0.0,0.0,0.0,0.0,0.0,0.0,0.0,2.0,2.0,3.0,3.0,0.667,0.0,0.0,0.0,4.0,0.667,1.0,0.0,1.0,0.0,2.0,0.5,0.0,0.5,15.2,4.0,0.0,4.0,0.0,6.0,0.667,1.0,0.8,8.2,5.0,0.0,5.0,0.0,8.0,0.625,1.0,0.714,9.6,11405.0,2.2,1.2,0.9,4.48,4.88,3.68,24.25
2016-01-09,Jeremy Lin,CHA,LAC,40:50,2.0,1.0,2.0,1.0,1.0,5.0,1.0,1.0,1.0,1.25,1.0,2.0,0.5,12.0,0.0,1.0,0.0,5.0,6.0,0.833,5.0,0.417,7.0,0.583,2.0,0.167,1.0,0.083,3.0,0.25,1.0,1.0,1.0,1.0,0.0,0.0,0.0,3.0,3.0,0.0,0.0,0.0,0.0,0.0,0.0,0.0,0.0,0.0,0.0,0.0,0.0,0.0,0.0,0.0,0.0,0.0,0.0,0.0,0.0,0.0,0.0,0.0,0.0,0.0,32.0,44.0,4.0,2.0,0.0,9.0,9.0,6.0,0.125,0.188,26.0,58.0,54.0,3.2,3.3,2.9,0.448,1.0,1.0,0.0,3.0,2.0,0.0,58.0,1.0,1.0,1.0,1.0,0.0,0.0,0.0,2.0,2.0,0.0,0.0,0.0,0.0,0.0,0.0,0.0,0.0,5.0,3.0,11.0,8.0,0.455,2.0,3.0,0.667,12.0,0.545,0.0,0.0,0.0,0.0,0.0,0.0,0.0,0.0,0.0,4.0,0.0,4.0,0.0,7.0,0.571,2.0,0.8,9.5,4.0,0.0,4.0,0.0,7.0,0.571,2.0,0.8,9.5,15998.0,3.0,1.6,1.4,4.36,4.94,3.97,38.5
2016-01-10,Jeremy Lin,CHA,DEN,23:35,0.0,0.0,3.0,0.0,0.0,0.0,0.0,3.0,0.0,0.0,0.0,3.0,0.0,5.0,0.0,2.0,0.0,1.0,2.0,0.5,1.0,0.2,2.0,0.4,1.0,0.2,0.0,0.0,1.0,0.2,2.0,0.0,0.0,0.0,0.0,0.0,0.0,0.0,0.0,2.0,1.0,0.0,0.0,0.0,0.0,0.0,0.0,1.0,0.0,0.0,0.0,1.0,2.0,0.5,1.0,1.0,0.0,0.0,0.0,0.0,0.0,0.0,1.0,1.0,32.0,44.0,2.0,1.0,3.0,4.0,6.0,6.0,0.063,0.188,2.0,47.0,45.0,2.7,3.5,3.2,0.043,2.0,1.0,1.0,0.0,1.0,1.0,47.0,1.0,0.0,0.0,0.0,1.0,2.0,0.5,1.0,1.0,0.0,0.0,0.0,0.0,0.0,0.0,1.0,1.0,0.0,0.0,4.0,2.0,0.0,0.0,2.0,0.0,0.0,0.0,0.0,0.0,0.0,0.0,0.0,0.0,0.0,0.0,0.0,1.0,1.0,0.0,1.0,4.0,0.25,0.0,0.25,7.3,1.0,1.0,0.0,1.0,4.0,0.25,0.0,0.25,7.3,9029.0,1.7,0.9,0.8,4.27,4.5,4.16,6.75
2016-01-13,Jeremy Lin,CHA,ATL,26:45,0.0,0.0,5.0,0.0,0.0,0.0,0.0,5.0,0.0,0.0,0.0,1.0,0.0,7.0,2.0,2.0,1.0,4.0,4.0,1.0,8.0,1.143,3.0,0.429,1.0,0.143,0.0,0.0,2.0,0.286,0.0,0.0,0.0,0.0,0.0,0.0,0.0,0.0,0.0,0.0,0.0,0.0,0.0,0.0,0.0,0.0,0.0,0.0,0.0,0.0,0.0,0.0,0.0,0.0,0.0,0.0,0.0,0.0,0.0,0.0,0.0,0.0,0.0,0.0,36.0,45.0,1.0,1.0,0.0,1.0,4.0,2.0,0.028,0.056,19.0,56.0,51.0,4.2,4.5,4.5,0.339,0.0,0.0,0.0,0.0,0.0,0.0,56.0,0.0,0.0,0.0,0.0,0.0,0.0,0.0,0.0,0.0,0.0,0.0,0.0,0.0,0.0,0.0,0.0,0.0,3.0,2.0,3.0,2.0,1.0,1.0,1.0,1.0,7.0,1.167,2.0,2.0,0.0,1.0,3.0,0.667,0.0,0.667,8.5,3.0,0.0,3.0,0.0,7.0,0.429,4.0,1.0,4.7,5.0,2.0,3.0,0.4,10.0,0.5,4.0,0.833,6.2,10507.0,2.0,1.2,0.8,4.42,4.78,4.05,28.0
2016-01-15,Jeremy Lin,CHA,NOP,29:53,1.0,0.0,2.0,0.0,0.5,3.0,1.0,2.0,0.5,0.75,3.0,5.0,0.6,5.0,2.0,4.0,0.5,0.0,0.0,0.0,4.0,0.8,1.0,0.2,0.0,0.0,0.0,0.0,0.0,0.0,0.0,0.0,0.0,0.0,0.0,0.0,0.0,0.0,0.0,0.0,0.0,0.0,0.0,0.0,0.0,0.0,0.0,1.0,0.0,1.0,0.0,0.0,0.0,0.0,0.0,0.0,1.0,1.0,0.0,0.0,0.0,0.0,0.0,0.0,39.0,41.0,1.0,0.0,1.0,4.0,2.0,2.0,0.026,0.051,7.0,53.0,46.0,3.3,3.7,3.6,0.132,0.0,1.0,1.0,0.0,0.0,0.0,53.0,1.0,0.0,1.0,0.0,0.0,0.0,0.0,0.0,0.0,1.0,1.0,0.0,0.0,0.0,0.0,0.0,0.0,1.0,1.0,5.0,2.0,0.2,0.0,3.0,0.0,2.0,0.2,0.0,0.0,0.0,0.0,1.0,0.0,0.0,0.0,0.0,5.0,1.0,4.0,0.2,10.0,0.5,2.0,0.625,6.4,5.0,1.0,4.0,0.2,11.0,0.455,2.0,0.556,6.4,10824.0,2.1,1.1,0.9,4.2,4.25,3.76,16.5
2016-01-16,Jeremy Lin,CHA,MIL,21:54,0.0,0.0,2.0,0.0,0.0,0.0,0.0,2.0,0.0,0.0,0.0,0.0,0.0,4.0,0.0,3.0,0.0,2.0,2.0,1.0,2.0,0.5,0.0,0.0,0.0,0.0,0.0,0.0,1.0,0.25,1.0,1.0,1.0,1.0,0.0,0.0,0.0,2.0,2.0,0.0,0.0,0.0,0.0,0.0,0.0,0.0,0.0,0.0,0.0,0.0,0.0,0.0,0.0,0.0,0.0,0.0,0.0,0.0,0.0,0.0,0.0,0.0,0.0,0.0,29.0,36.0,1.0,0.0,2.0,5.0,3.0,3.0,0.034,0.103,15.0,45.0,42.0,1.8,2.4,2.1,0.333,1.0,1.0,0.0,2.0,0.0,0.0,45.0,1.0,0.0,0.0,0.0,0.0,0.0,0.0,0.0,0.0,1.0,1.0,0.0,0.0,0.0,0.0,0.0,0.0,1.0,1.0,2.0,1.0,0.5,0.0,1.0,0.0,2.0,0.5,0.0,0.0,0.0,0.0,1.0,0.0,1.0,0.0,0.0,0.0,0.0,0.0,0.0,1.0,0.0,1.0,0.0,0.0,0.0,0.0,0.0,0.0,2.0,0.0,2.0,0.0,0.0,8659.0,1.6,0.9,0.7,4.39,4.94,3.84,22.25
2016-01-18,Jeremy Lin,CHA,UTA,36:30,1.0,0.0,1.0,0.0,1.0,3.0,1.0,1.0,1.0,1.5,2.0,3.0,0.667,4.0,0.0,1.0,0.0,0.0,0.0,0.0,0.0,0.0,2.0,0.5,0.0,0.0,0.0,0.0,1.0,0.25,0.0,0.0,0.0,0.0,0.0,0.0,0.0,0.0,0.0,0.0,0.0,0.0,0.0,0.0,0.0,0.0,0.0,0.0,0.0,0.0,0.0,0.0,0.0,0.0,0.0,0.0,0.0,0.0,0.0,0.0,0.0,0.0,0.0,0.0,40.0,39.0,5.0,2.0,0.0,9.0,14.0,7.0,0.125,0.175,9.0,50.0,45.0,3.8,4.6,4.6,0.18,0.0,0.0,0.0,0.0,0.0,0.0,50.0,0.0,0.0,0.0,0.0,0.0,0.0,0.0,0.0,0.0,0.0,0.0,0.0,0.0,0.0,0.0,0.0,0.0,2.0,2.0,3.0,3.0,0.667,0.0,0.0,0.0,4.0,0.667,1.0,0.0,1.0,0.0,2.0,0.5,0.0,0.5,27.7,5.0,0.0,5.0,0.0,11.0,0.455,4.0,0.714,10.8,6.0,0.0,6.0,0.0,13.0,0.462,4.0,0.667,13.6,13147.0,2.5,1.4,1.1,4.12,4.46,3.67,24.75
2016-01-20,Jeremy Lin,CHA,OKC,27:56,0.0,0.0,1.0,0.0,0.0,0.0,0.0,1.0,0.0,0.0,2.0,5.0,0.4,10.0,4.0,7.0,0.571,0.0,0.0,0.0,8.0,0.8,2.0,0.2,0.0,0.0,0.0,0.0,1.0,0.1,2.0,1.0,1.0,1.0,0.0,0.0,0.0,2.0,1.0,1.0,0.5,1.0,0.5,0.0,0.0,0.0,0.0,0.0,0.0,0.0,0.0,0.0,0.0,0.0,0.0,0.0,0.0,0.0,0.0,0.0,0.0,0.0,0.0,0.0,31.0,42.0,2.0,0.0,1.0,6.0,5.0,3.0,0.065,0.097,16.0,48.0,44.0,3.0,3.7,3.3,0.333,2.0,0.0,0.0,1.0,0.0,0.0,48.0,0.0,0.0,0.0,0.0,0.0,0.0,0.0,0.0,0.0,0.0,0.0,0.0,0.0,0.0,0.0,0.0,0.0,0.0,0.0,1.0,1.0,0.0,0.0,0.0,0.0,0.0,0.0,0.0,0.0,0.0,0.0,1.0,0.0,1.0,0.0,0.0,1.0,1.0,0.0,1.0,7.0,0.143,4.0,0.333,5.2,1.0,1.0,0.0,1.0,8.0,0.125,5.0,0.333,5.2,10507.0,2.0,1.2,0.8,4.32,4.97,3.47,18.75
2016-01-22,Jeremy Lin,CHA,ORL,29:36,1.0,0.0,2.0,0.0,0.5,3.0,1.0,2.0,0.5,0.75,1.0,1.0,1.0,6.0,1.0,2.0,0.5,2.0,2.0,1.0,4.0,0.667,2.0,0.333,0.0,0.0,1.0,0.167,1.0,0.167,1.0,0.0,0.0,0.0,0.0,0.0,0.0,0.0,0.0,1.0,1.0,0.0,0.0,0.0,0.0,0.0,0.0,0.0,0.0,0.0,0.0,0.0,0.0,0.0,0.0,0.0,0.0,0.0,0.0,0.0,0.0,0.0,0.0,0.0,34.0,40.0,4.0,0.0,0.0,10.0,9.0,4.0,0.118,0.118,7.0,48.0,44.0,2.1,2.6,1.9,0.146,1.0,0.0,0.0,0.0,0.0,0.0,48.0,0.0,0.0,0.0,0.0,0.0,0.0,0.0,0.0,0.0,0.0,0.0,0.0,0.0,0.0,0.0,0.0,0.0,0.0,0.0,2.0,2.0,0.0,0.0,0.0,0.0,0.0,0.0,0.0,0.0,0.0,0.0,0.0,0.0,0.0,0.0,0.0,1.0,0.0,1.0,0.0,5.0,0.2,3.0,0.5,3.4,1.0,0.0,1.0,0.0,5.0,0.2,3.0,0.5,3.4,11986.0,2.3,1.3,1.0,4.66,4.9,4.43,12.25
2016-01-23,Jeremy Lin,CHA,NYK,40:25,1.0,0.0,3.0,0.0,0.333,3.0,1.0,3.0,0.333,0.5,2.0,3.0,0.667,12.0,2.0,5.0,0.4,3.0,3.0,1.0,7.0,0.583,5.0,0.417,1.0,0.083,1.0,0.083,2.0,0.167,2.0,1.0,2.0,0.5,0.0,0.0,0.0,2.0,1.0,0.0,0.0,0.0,0.0,0.0,0.0,0.0,0.0,1.0,1.0,1.0,1.0,0.0,0.0,0.0,2.0,2.0,0.0,0.0,0.0,0.0,0.0,0.0,0.0,0.0,37.0,52.0,5.0,2.0,1.0,9.0,15.0,8.0,0.135,0.216,26.0,62.0,57.0,3.2,3.1,3.0,0.419,2.0,2.0,1.0,1.0,2.0,2.0,62.0,2.0,1.0,1.0,1.0,2.0,2.0,1.0,4.0,2.0,0.0,0.0,0.0,0.0,0.0,0.0,1.0,0.5,2.0,1.0,7.0,5.0,0.286,1.0,2.0,0.5,5.0,0.357,1.0,0.0,1.0,0.0,1.0,1.0,0.0,1.0,9.8,4.0,0.0,4.0,0.0,8.0,0.5,2.0,0.667,5.9,5.0,0.0,5.0,0.0,9.0,0.556,2.0,0.714,6.7,15048.0,2.9,1.6,1.3,4.27,4.82,3.73,39.0
2016-01-25,Jeremy Lin,CHA,SAC,50:29,1.0,0.0,2.0,0.0,0.5,3.0,1.0,2.0,0.5,0.75,2.0,4.0,0.5,16.0,3.0,3.0,1.0,2.0,2.0,1.0,8.0,0.5,10.0,0.625,2.0,0.125,0.0,0.0,4.0,0.25,5.0,0.0,0.0,0.0,0.0,0.0,0.0,0.0,0.0,5.0,1.0,3.0,0.6,0.0,0.0,1.0,0.2,3.0,0.0,0.0,0.0,0.0,0.0,0.0,0.0,0.0,3.0,1.0,1.0,0.333,0.0,0.0,2.0,0.667,61.0,65.0,11.0,0.0,1.0,18.0,28.0,12.0,0.18,0.197,20.0,96.0,88.0,4.3,2.7,2.6,0.208,5.0,2.0,3.0,0.0,0.0,0.0,96.0,2.0,0.0,1.0,0.0,0.0,0.0,0.0,0.0,0.0,1.0,0.5,0.0,0.0,0.0,0.0,1.0,0.5,4.0,3.0,11.0,9.0,0.364,1.0,2.0,0.5,9.0,0.409,1.0,1.0,0.0,1.0,2.0,0.5,0.0,0.5,13.3,6.0,1.0,5.0,0.167,10.0,0.6,3.0,0.857,8.1,7.0,2.0,5.0,0.286,12.0,0.583,3.0,0.778,8.8,18850.0,3.6,2.0,1.6,4.24,4.6,3.87,42.0
2016-01-27,Jeremy Lin,CHA,UTA,17:24,0.0,0.0,2.0,0.0,0.0,0.0,0.0,2.0,0.0,0.0,2.0,4.0,0.5,3.0,0.0,2.0,0.0,0.0,0.0,0.0,0.0,0.0,1.0,0.333,0.0,0.0,0.0,0.0,0.0,0.0,0.0,0.0,0.0,0.0,0.0,0.0,0.0,0.0,0.0,0.0,0.0,0.0,0.0,0.0,0.0,0.0,0.0,0.0,0.0,0.0,0.0,0.0,0.0,0.0,0.0,0.0,0.0,0.0,0.0,0.0,0.0,0.0,0.0,0.0,20.0,27.0,1.0,0.0,0.0,5.0,3.0,1.0,0.05,0.05,4.0,31.0,30.0,1.9,3.6,3.7,0.129,0.0,3.0,0.0,0.0,0.0,0.0,31.0,3.0,0.0,1.0,0.0,0.0,0.0,0.0,0.0,0.0,1.0,0.333,0.0,0.0,0.0,0.0,0.0,0.0,2.0,2.0,3.0,3.0,0.667,0.0,0.0,0.0,4.0,0.667,0.0,0.0,0.0,0.0,3.0,0.0,1.0,0.0,0.0,2.0,1.0,1.0,0.5,2.0,1.0,0.0,1.0,12.1,2.0,1.0,1.0,0.5,5.0,0.4,1.0,0.5,12.1,6442.0,1.2,0.6,0.6,4.13,4.19,4.07,9.25
2016-01-31,Jeremy Lin,CHA,LAL,21:58,2.0,1.0,5.0,2.0,0.4,5.0,1.0,3.0,0.333,0.5,0.0,0.0,0.0,5.0,0.0,1.0,0.0,0.0,0.0,0.0,0.0,0.0,3.0,0.6,1.0,0.2,1.0,0.2,0.0,0.0,1.0,0.0,1.0,0.0,0.0,0.0,0.0,0.0,0.0,0.0,0.0,0.0,0.0,0.0,0.0,0.0,0.0,0.0,0.0,0.0,0.0,0.0,0.0,0.0,0.0,0.0,0.0,0.0,0.0,0.0,0.0,0.0,0.0,0.0,30.0,28.0,5.0,2.0,1.0,10.0,12.0,8.0,0.167,0.267,6.0,43.0,38.0,1.6,2.3,1.5,0.14,1.0,0.0,0.0,0.0,0.0,0.0,43.0,0.0,0.0,0.0,0.0,0.0,0.0,0.0,0.0,0.0,0.0,0.0,0.0,0.0,0.0,0.0,0.0,0.0,0.0,0.0,2.0,2.0,0.0,0.0,0.0,0.0,0.0,0.0,2.0,0.0,2.0,0.0,2.0,1.0,0.0,1.0,5.5,3.0,0.0,3.0,0.0,3.0,1.0,0.0,1.0,12.0,5.0,0.0,5.0,0.0,5.0,1.0,0.0,1.0,9.4,8184.0,1.6,0.9,0.6,4.34,4.45,3.58,18.5
2016-02-03,Jeremy Lin,CHA,CLE,32:25,2.0,0.0,2.0,0.0,1.0,6.0,2.0,2.0,1.0,1.5,1.0,1.0,1.0,14.0,2.0,3.0,0.667,6.0,8.0,0.75,10.0,0.714,4.0,0.286,1.0,0.071,3.0,0.214,4.0,0.286,1.0,1.0,1.0,1.0,1.0,1.0,1.0,3.0,3.0,0.0,0.0,0.0,0.0,0.0,0.0,1.0,1.0,0.0,0.0,0.0,0.0,0.0,0.0,0.0,0.0,0.0,0.0,0.0,0.0,0.0,0.0,0.0,0.0,0.0,52.0,68.0,8.0,1.0,2.0,14.0,19.0,11.0,0.154,0.212,24.0,80.0,73.0,7.3,5.5,5.5,0.3,1.0,0.0,0.0,3.0,0.0,0.0,80.0,0.0,0.0,0.0,0.0,0.0,0.0,0.0,0.0,0.0,0.0,0.0,0.0,0.0,0.0,0.0,0.0,0.0,2.0,2.0,7.0,5.0,0.286,0.0,2.0,0.0,4.0,0.286,1.0,1.0,0.0,1.0,2.0,0.5,0.0,0.5,10.2,4.0,0.0,4.0,0.0,7.0,0.571,3.0,1.0,9.8,5.0,1.0,4.0,0.2,9.0,0.556,3.0,0.833,9.9,11669.0,2.2,1.2,1.0,4.08,4.72,3.54,38.75
2016-02-05,Jeremy Lin,CHA,MIA,16:04,0.0,0.0,0.0,0.0,0.0,0.0,0.0,0.0,0.0,0.0,1.0,1.0,1.0,5.0,1.0,4.0,0.25,0.0,0.0,0.0,2.0,0.4,1.0,0.2,0.0,0.0,0.0,0.0,0.0,0.0,0.0,0.0,0.0,0.0,0.0,0.0,0.0,0.0,0.0,0.0,0.0,0.0,0.0,0.0,0.0,0.0,0.0,0.0,0.0,0.0,0.0,0.0,0.0,0.0,0.0,0.0,0.0,0.0,0.0,0.0,0.0,0.0,0.0,0.0,24.0,30.0,3.0,0.0,0.0,6.0,7.0,3.0,0.125,0.125,6.0,34.0,33.0,2.6,4.5,4.3,0.176,0.0,0.0,0.0,0.0,0.0,0.0,34.0,0.0,0.0,0.0,0.0,0.0,0.0,0.0,0.0,0.0,0.0,0.0,0.0,0.0,0.0,0.0,0.0,0.0,0.0,0.0,2.0,2.0,0.0,0.0,0.0,0.0,0.0,0.0,0.0,0.0,0.0,0.0,1.0,0.0,0.0,0.0,0.0,2.0,0.0,2.0,0.0,5.0,0.4,3.0,1.0,7.4,2.0,0.0,2.0,0.0,6.0,0.333,3.0,0.667,7.4,6125.0,1.2,0.6,0.5,4.45,4.38,3.77,14.25
2016-02-06,Jeremy Lin,CHA,WAS,23:18,1.0,0.0,1.0,0.0,1.0,3.0,1.0,1.0,1.0,1.5,1.0,2.0,0.5,3.0,2.0,3.0,0.667,0.0,0.0,0.0,4.0,1.333,0.0,0.0,0.0,0.0,0.0,0.0,0.0,0.0,1.0,0.0,0.0,0.0,0.0,0.0,0.0,0.0,0.0,1.0,1.0,0.0,0.0,0.0,0.0,0.0,0.0,1.0,0.0,0.0,0.0,0.0,0.0,0.0,0.0,0.0,1.0,1.0,0.0,0.0,0.0,0.0,0.0,0.0,27.0,34.0,1.0,0.0,0.0,2.0,2.0,1.0,0.037,0.037,7.0,37.0,32.0,3.0,4.8,5.3,0.189,1.0,0.0,1.0,0.0,0.0,0.0,37.0,0.0,0.0,0.0,0.0,0.0,0.0,0.0,0.0,0.0,0.0,0.0,0.0,0.0,0.0,0.0,0.0,0.0,0.0,0.0,1.0,1.0,0.0,0.0,0.0,0.0,0.0,0.0,0.0,0.0,0.0,0.0,0.0,0.0,0.0,0.0,0.0,0.0,0.0,0.0,0.0,3.0,0.0,2.0,0.0,0.0,0.0,0.0,0.0,0.0,3.0,0.0,2.0,0.0,0.0,8290.0,1.6,0.9,0.7,4.08,4.71,3.55,7.75
2016-02-08,Jeremy Lin,CHA,CHI,18:07,0.0,0.0,2.0,0.0,0.0,0.0,0.0,2.0,0.0,0.0,0.0,1.0,0.0,1.0,0.0,1.0,0.0,0.0,0.0,0.0,0.0,0.0,0.0,0.0,0.0,0.0,0.0,0.0,0.0,0.0,0.0,0.0,0.0,0.0,0.0,0.0,0.0,0.0,0.0,0.0,0.0,0.0,0.0,0.0,0.0,0.0,0.0,0.0,0.0,0.0,0.0,0.0,0.0,0.0,0.0,0.0,0.0,0.0,0.0,0.0,0.0,0.0,0.0,0.0,28.0,33.0,2.0,0.0,1.0,5.0,4.0,3.0,0.071,0.107,2.0,39.0,34.0,3.1,4.8,5.1,0.051,0.0,0.0,0.0,0.0,0.0,0.0,39.0,0.0,0.0,0.0,0.0,0.0,0.0,0.0,0.0,0.0,0.0,0.0,0.0,0.0,0.0,0.0,0.0,0.0,0.0,0.0,3.0,1.0,0.0,0.0,2.0,0.0,0.0,0.0,0.0,0.0,0.0,0.0,0.0,0.0,0.0,0.0,0.0,3.0,3.0,0.0,1.0,7.0,0.429,3.0,0.75,7.5,3.0,3.0,0.0,1.0,7.0,0.429,3.0,0.75,7.5,6970.0,1.3,0.8,0.6,4.33,5.01,4.1,9.75
2016-02-10,Jeremy Lin,CHA,IND,27:48,2.0,0.0,2.0,0.0,1.0,6.0,2.0,2.0,1.0,1.5,3.0,4.0,0.75,5.0,1.0,2.0,0.5,2.0,2.0,1.0,4.0,0.8,1.0,0.2,0.0,0.0,0.0,0.0,1.0,0.2,2.0,1.0,2.0,0.5,0.0,0.0,0.0,2.0,1.0,0.0,0.0,0.0,0.0,0.0,0.0,0.0,0.0,0.0,0.0,0.0,0.0,0.0,0.0,0.0,0.0,0.0,0.0,0.0,0.0,0.0,0.0,0.0,0.0,0.0,33.0,33.0,4.0,0.0,2.0,4.0,11.0,6.0,0.121,0.182,14.0,46.0,40.0,2.8,3.6,3.6,0.304,2.0,1.0,0.0,1.0,0.0,0.0,46.0,1.0,0.0,1.0,0.0,0.0,0.0,0.0,0.0,0.0,0.0,0.0,0.0,0.0,0.0,0.0,0.0,0.0,1.0,1.0,3.0,3.0,0.333,0.0,0.0,0.0,2.0,0.333,1.0,0.0,1.0,0.0,2.0,0.5,0.0,0.5,20.0,4.0,1.0,3.0,0.25,5.0,0.8,1.0,1.0,2.2,5.0,1.0,4.0,0.2,7.0,0.714,1.0,0.833,5.8,10349.0,2.0,1.1,0.9,4.29,4.5,4.19,35.25
2016-02-19,Jeremy Lin,CHA,MIL,23:12,0.0,0.0,3.0,0.0,0.0,0.0,0.0,3.0,0.0,0.0,1.0,1.0,1.0,2.0,1.0,2.0,0.5,0.0,0.0,0.0,2.0,1.0,0.0,0.0,0.0,0.0,0.0,0.0,0.0,0.0,0.0,0.0,0.0,0.0,0.0,0.0,0.0,0.0,0.0,0.0,0.0,0.0,0.0,0.0,0.0,0.0,0.0,0.0,0.0,0.0,0.0,0.0,0.0,0.0,0.0,0.0,0.0,0.0,0.0,0.0,0.0,0.0,0.0,0.0,26.0,31.0,2.0,0.0,0.0,5.0,5.0,2.0,0.077,0.077,4.0,38.0,36.0,2.5,4.0,3.3,0.105,0.0,0.0,0.0,0.0,0.0,0.0,38.0,0.0,0.0,0.0,0.0,0.0,0.0,0.0,0.0,0.0,0.0,0.0,0.0,0.0,0.0,0.0,0.0,0.0,0.0,0.0,3.0,3.0,0.0,0.0,0.0,0.0,0.0,0.0,0.0,0.0,0.0,0.0,1.0,0.0,0.0,0.0,0.0,0.0,0.0,0.0,0.0,2.0,0.0,0.0,0.0,0.0,0.0,0.0,0.0,0.0,3.0,0.0,0.0,0.0,0.0,8290.0,1.6,0.9,0.7,4.18,4.71,3.55,13.0
2016-02-21,Jeremy Lin,CHA,BKN,30:31,0.0,0.0,2.0,1.0,0.0,0.0,0.0,1.0,0.0,0.0,1.0,4.0,0.25,5.0,1.0,3.0,0.333,0.0,0.0,0.0,2.0,0.4,2.0,0.4,0.0,0.0,0.0,0.0,0.0,0.0,0.0,0.0,0.0,0.0,0.0,0.0,0.0,0.0,0.0,0.0,0.0,0.0,0.0,0.0,0.0,0.0,0.0,2.0,0.0,0.0,0.0,3.0,4.0,0.75,3.0,1.5,0.0,0.0,0.0,0.0,0.0,0.0,2.0,1.0,35.0,39.0,2.0,0.0,1.0,6.0,5.0,3.0,0.057,0.086,11.0,53.0,43.0,3.4,3.8,3.3,0.208,0.0,2.0,2.0,0.0,1.5,1.5,53.0,2.0,0.0,0.0,0.0,3.0,4.0,0.75,3.0,1.5,0.0,0.0,0.0,0.0,0.0,0.0,2.0,1.0,0.0,0.0,1.0,1.0,0.0,0.0,0.0,0.0,0.0,0.0,1.0,1.0,0.0,1.0,1.0,1.0,0.0,1.0,15.5,4.0,2.0,2.0,0.5,9.0,0.444,3.0,0.667,8.0,5.0,3.0,2.0,0.6,10.0,0.5,3.0,0.714,9.5,11035.0,2.1,1.1,1.0,4.12,4.15,4.11,23.75
2016-02-24,Jeremy Lin,CHA,CLE,24:49,0.0,0.0,0.0,0.0,0.0,0.0,0.0,0.0,0.0,0.0,1.0,2.0,0.5,7.0,2.0,2.0,1.0,1.0,3.0,0.333,5.0,0.714,3.0,0.429,1.0,0.143,1.0,0.143,2.0,0.286,0.0,0.0,0.0,0.0,0.0,0.0,0.0,0.0,0.0,0.0,0.0,0.0,0.0,0.0,0.0,0.0,0.0,1.0,0.0,1.0,0.0,0.0,0.0,0.0,0.0,0.0,0.0,0.0,0.0,0.0,0.0,0.0,0.0,0.0,24.0,32.0,4.0,0.0,0.0,6.0,9.0,4.0,0.167,0.167,10.0,38.0,32.0,2.8,4.4,4.3,0.263,0.0,0.0,1.0,0.0,0.0,0.0,38.0,0.0,0.0,0.0,0.0,0.0,0.0,0.0,0.0,0.0,0.0,0.0,0.0,0.0,0.0,0.0,0.0,0.0,2.0,1.0,6.0,4.0,0.333,1.0,2.0,0.5,5.0,0.417,1.0,1.0,0.0,1.0,1.0,1.0,0.0,1.0,4.9,0.0,0.0,0.0,0.0,3.0,0.0,3.0,0.0,0.0,1.0,1.0,0.0,1.0,4.0,0.25,3.0,1.0,4.9,9451.0,1.8,1.0,0.8,4.32,4.8,3.95,15.75
2016-02-26,Jeremy Lin,CHA,IND,21:45,2.0,1.0,2.0,1.0,1.0,5.0,1.0,1.0,1.0,1.25,1.0,1.0,1.0,3.0,0.0,0.0,0.0,0.0,0.0,0.0,0.0,0.0,2.0,0.667,0.0,0.0,1.0,0.333,0.0,0.0,0.0,0.0,0.0,0.0,0.0,0.0,0.0,0.0,0.0,0.0,0.0,0.0,0.0,0.0,0.0,0.0,0.0,0.0,0.0,0.0,0.0,0.0,0.0,0.0,0.0,0.0,0.0,0.0,0.0,0.0,0.0,0.0,0.0,0.0,27.0,31.0,2.0,0.0,0.0,7.0,5.0,2.0,0.074,0.074,7.0,40.0,33.0,2.7,4.0,4.6,0.175,0.0,1.0,0.0,0.0,0.0,0.0,40.0,1.0,0.0,0.0,0.0,0.0,0.0,0.0,0.0,0.0,1.0,1.0,0.0,0.0,0.0,0.0,0.0,0.0,0.0,0.0,4.0,4.0,0.0,0.0,0.0,0.0,0.0,0.0,0.0,0.0,0.0,0.0,0.0,0.0,0.0,0.0,0.0,3.0,0.0,3.0,0.0,3.0,1.0,0.0,1.0,9.3,3.0,0.0,3.0,0.0,3.0,1.0,0.0,1.0,9.3,7867.0,1.5,0.8,0.7,4.13,4.46,3.8,13.25
2016-02-28,Jeremy Lin,CHA,ATL,21:19,1.0,0.0,2.0,0.0,0.5,3.0,1.0,2.0,0.5,0.75,1.0,1.0,1.0,8.0,2.0,3.0,0.667,4.0,5.0,0.8,8.0,1.0,3.0,0.375,0.0,0.0,0.0,0.0,3.0,0.375,0.0,0.0,0.0,0.0,0.0,0.0,0.0,0.0,0.0,0.0,0.0,0.0,0.0,0.0,0.0,0.0,0.0,0.0,0.0,0.0,0.0,0.0,0.0,0.0,0.0,0.0,0.0,0.0,0.0,0.0,0.0,0.0,0.0,0.0,24.0,34.0,1.0,0.0,0.0,5.0,2.0,1.0,0.042,0.042,15.0,40.0,36.0,2.7,4.1,3.6,0.375,0.0,0.0,0.0,0.0,0.0,0.0,40.0,0.0,0.0,0.0,0.0,0.0,0.0,0.0,0.0,0.0,0.0,0.0,0.0,0.0,0.0,0.0,0.0,0.0,1.0,1.0,2.0,1.0,0.5,0.0,1.0,0.0,2.0,0.5,0.0,0.0,0.0,0.0,0.0,0.0,0.0,0.0,0.0,1.0,0.0,1.0,0.0,2.0,0.5,1.0,1.0,10.6,1.0,0.0,1.0,0.0,2.0,0.5,1.0,1.0,10.6,7445.0,1.4,0.8,0.6,3.87,4.25,3.58,19.5
2016-03-01,Jeremy Lin,CHA,PHX,17:10,0.0,0.0,0.0,0.0,0.0,0.0,0.0,0.0,0.0,0.0,0.0,1.0,0.0,7.0,0.0,3.0,0.0,4.0,4.0,1.0,4.0,0.571,2.0,0.286,2.0,0.286,0.0,0.0,2.0,0.286,0.0,0.0,0.0,0.0,0.0,0.0,0.0,0.0,0.0,0.0,0.0,0.0,0.0,0.0,0.0,0.0,0.0,1.0,1.0,1.0,1.0,0.0,0.0,0.0,2.0,2.0,0.0,0.0,0.0,0.0,0.0,0.0,0.0,0.0,22.0,26.0,2.0,0.0,0.0,4.0,5.0,2.0,0.091,0.091,6.0,33.0,27.0,2.6,4.8,4.9,0.182,0.0,1.0,1.0,0.0,2.0,2.0,33.0,1.0,1.0,1.0,1.0,0.0,0.0,0.0,2.0,2.0,0.0,0.0,0.0,0.0,0.0,0.0,0.0,0.0,0.0,0.0,3.0,3.0,0.0,0.0,0.0,0.0,0.0,0.0,0.0,0.0,0.0,0.0,0.0,0.0,0.0,0.0,0.0,3.0,0.0,3.0,0.0,5.0,0.6,0.0,0.6,19.1,3.0,0.0,3.0,0.0,5.0,0.6,0.0,0.6,19.1,6706.0,1.3,0.7,0.6,4.5,5.0,4.1,15.25
2016-03-02,Jeremy Lin,CHA,PHI,19:47,0.0,0.0,1.0,0.0,0.0,0.0,0.0,1.0,0.0,0.0,0.0,2.0,0.0,4.0,2.0,2.0,1.0,2.0,2.0,1.0,6.0,1.5,1.0,0.25,1.0,0.25,0.0,0.0,1.0,0.25,0.0,0.0,0.0,0.0,0.0,0.0,0.0,0.0,0.0,0.0,0.0,0.0,0.0,0.0,0.0,0.0,0.0,0.0,0.0,0.0,0.0,0.0,0.0,0.0,0.0,0.0,0.0,0.0,0.0,0.0,0.0,0.0,0.0,0.0,23.0,29.0,2.0,0.0,0.0,3.0,4.0,2.0,0.087,0.087,14.0,37.0,28.0,2.5,4.0,3.8,0.378,0.0,2.0,0.0,0.0,1.0,0.0,37.0,2.0,1.0,1.0,1.0,0.0,0.0,0.0,2.0,1.0,1.0,0.5,0.0,0.0,0.0,0.0,0.0,0.0,2.0,2.0,2.0,2.0,1.0,0.0,0.0,0.0,4.0,1.0,1.0,0.0,1.0,0.0,1.0,1.0,0.0,1.0,28.1,3.0,0.0,3.0,0.0,5.0,0.6,1.0,0.75,7.2,4.0,0.0,4.0,0.0,6.0,0.667,1.0,0.8,12.4,8026.0,1.5,0.9,0.7,4.54,5.44,4.24,20.0
2016-03-04,Jeremy Lin,CHA,IND,22:47,1.0,0.0,3.0,1.0,0.333,3.0,1.0,2.0,0.5,0.5,0.0,0.0,0.0,2.0,0.0,0.0,0.0,0.0,0.0,0.0,0.0,0.0,0.0,0.0,0.0,0.0,0.0,0.0,2.0,1.0,2.0,1.0,1.0,1.0,0.0,0.0,0.0,2.0,1.0,1.0,0.5,0.0,0.0,0.0,0.0,0.0,0.0,1.0,0.0,1.0,0.0,0.0,0.0,0.0,0.0,0.0,0.0,0.0,0.0,0.0,0.0,0.0,0.0,0.0,18.0,28.0,0.0,0.0,0.0,2.0,0.0,0.0,0.0,0.0,7.0,33.0,30.0,2.1,3.8,3.7,0.212,2.0,1.0,1.0,1.0,0.0,0.0,33.0,1.0,0.0,1.0,0.0,0.0,0.0,0.0,0.0,0.0,0.0,0.0,0.0,0.0,0.0,0.0,0.0,0.0,1.0,1.0,4.0,4.0,0.25,0.0,0.0,0.0,2.0,0.25,0.0,0.0,0.0,0.0,0.0,0.0,0.0,0.0,0.0,2.0,2.0,0.0,1.0,5.0,0.4,1.0,0.5,13.3,2.0,2.0,0.0,1.0,5.0,0.4,1.0,0.5,13.3,8448.0,1.6,0.9,0.7,4.2,4.85,3.65,11.0
2016-03-07,Jeremy Lin,CHA,MIN,22:54,1.0,0.0,4.0,1.0,0.25,3.0,1.0,3.0,0.333,0.375,1.0,1.0,1.0,5.0,0.0,1.0,0.0,2.0,2.0,1.0,2.0,0.4,1.0,0.2,0.0,0.0,2.0,0.4,1.0,0.2,1.0,0.0,1.0,0.0,0.0,0.0,0.0,0.0,0.0,0.0,0.0,0.0,0.0,0.0,0.0,0.0,0.0,1.0,0.0,1.0,0.0,0.0,0.0,0.0,0.0,0.0,0.0,0.0,0.0,0.0,0.0,0.0,0.0,0.0,30.0,34.0,2.0,0.0,1.0,4.0,5.0,3.0,0.067,0.1,9.0,45.0,38.0,2.4,3.2,3.0,0.2,1.0,1.0,1.0,0.0,0.0,0.0,45.0,1.0,0.0,1.0,0.0,0.0,0.0,0.0,0.0,0.0,0.0,0.0,0.0,0.0,0.0,0.0,0.0,0.0,0.0,0.0,2.0,1.0,0.0,0.0,1.0,0.0,0.0,0.0,0.0,0.0,0.0,0.0,0.0,0.0,0.0,0.0,0.0,5.0,1.0,4.0,0.2,6.0,0.833,0.0,0.833,7.0,5.0,1.0,4.0,0.2,6.0,0.833,0.0,0.833,7.0,8501.0,1.6,0.9,0.7,4.17,4.7,3.64,18.75
2016-03-09,Jeremy Lin,CHA,NOP,21:59,0.0,0.0,2.0,0.0,0.0,0.0,0.0,2.0,0.0,0.0,2.0,2.0,1.0,6.0,3.0,5.0,0.6,2.0,2.0,1.0,8.0,1.333,0.0,0.0,0.0,0.0,0.0,0.0,1.0,0.167,1.0,0.0,0.0,0.0,0.0,0.0,0.0,0.0,0.0,1.0,1.0,0.0,0.0,0.0,0.0,0.0,0.0,1.0,0.0,1.0,0.0,0.0,0.0,0.0,0.0,0.0,0.0,0.0,0.0,0.0,0.0,0.0,0.0,0.0,26.0,34.0,0.0,1.0,0.0,1.0,0.0,1.0,0.0,0.038,12.0,40.0,37.0,2.9,4.4,4.3,0.3,1.0,0.0,1.0,0.0,0.0,0.0,40.0,0.0,0.0,0.0,0.0,0.0,0.0,0.0,0.0,0.0,0.0,0.0,0.0,0.0,0.0,0.0,0.0,0.0,0.0,0.0,1.0,0.0,0.0,0.0,1.0,0.0,0.0,0.0,0.0,0.0,0.0,0.0,2.0,0.0,0.0,0.0,0.0,2.0,1.0,1.0,0.5,6.0,0.333,3.0,0.667,12.2,2.0,1.0,1.0,0.5,8.0,0.25,3.0,0.4,12.2,8554.0,1.6,0.9,0.7,4.35,4.65,4.03,14.5
2016-03-11,Jeremy Lin,CHA,DET,22:19,2.0,0.0,4.0,0.0,0.5,6.0,2.0,4.0,0.5,0.75,1.0,1.0,1.0,3.0,1.0,2.0,0.5,0.0,0.0,0.0,2.0,0.667,1.0,0.333,0.0,0.0,0.0,0.0,0.0,0.0,1.0,1.0,1.0,1.0,0.0,0.0,0.0,3.0,3.0,0.0,0.0,0.0,0.0,0.0,0.0,0.0,0.0,0.0,0.0,0.0,0.0,0.0,0.0,0.0,0.0,0.0,0.0,0.0,0.0,0.0,0.0,0.0,0.0,0.0,26.0,30.0,2.0,0.0,1.0,3.0,4.0,3.0,0.077,0.115,8.0,35.0,33.0,2.0,3.5,3.2,0.229,1.0,0.0,0.0,3.0,0.0,0.0,35.0,0.0,0.0,0.0,0.0,0.0,0.0,0.0,0.0,0.0,0.0,0.0,0.0,0.0,0.0,0.0,0.0,0.0,0.0,0.0,1.0,1.0,0.0,0.0,0.0,0.0,0.0,0.0,1.0,0.0,1.0,0.0,1.0,1.0,0.0,1.0,22.9,0.0,0.0,0.0,0.0,4.0,0.0,3.0,0.0,0.0,1.0,0.0,1.0,0.0,5.0,0.2,3.0,0.5,22.9,8342.0,1.6,0.9,0.7,4.25,4.87,3.64,16.75
2016-03-12,Jeremy Lin,CHA,HOU,25:36,1.0,0.0,1.0,0.0,1.0,3.0,1.0,1.0,1.0,1.5,0.0,2.0,0.0,5.0,1.0,2.0,0.5,5.0,6.0,0.833,7.0,1.4,0.0,0.0,0.0,0.0,0.0,0.0,3.0,0.6,0.0,0.0,0.0,0.0,0.0,0.0,0.0,0.0,0.0,0.0,0.0,0.0,0.0,0.0,0.0,0.0,0.0,1.0,1.0,1.0,1.0,0.0,0.0,0.0,2.0,2.0,0.0,0.0,0.0,0.0,0.0,0.0,0.0,0.0,33.0,38.0,4.0,0.0,0.0,4.0,9.0,4.0,0.121,0.121,16.0,52.0,48.0,4.1,4.7,4.5,0.308,0.0,2.0,1.0,0.0,1.0,2.0,52.0,2.0,1.0,1.0,1.0,0.0,0.0,0.0,2.0,1.0,1.0,0.5,0.0,0.0,0.0,0.0,0.0,0.0,1.0,1.0,4.0,3.0,0.25,0.0,1.0,0.0,2.0,0.25,1.0,1.0,0.0,1.0,2.0,0.5,1.0,1.0,19.8,3.0,1.0,2.0,0.333,8.0,0.375,2.0,0.5,7.3,4.0,2.0,2.0,0.5,10.0,0.4,3.0,0.571,10.4,9240.0,1.8,1.0,0.8,4.22,4.5,3.95,28.5
2016-03-14,Jeremy Lin,CHA,DAL,18:57,0.0,0.0,1.0,1.0,0.0,0.0,0.0,0.0,0.0,0.0,1.0,1.0,1.0,3.0,0.0,0.0,0.0,0.0,0.0,0.0,0.0,0.0,2.0,0.667,0.0,0.0,1.0,0.333,0.0,0.0,1.0,0.0,0.0,0.0,0.0,2.0,0.0,0.0,0.0,0.0,0.0,0.0,0.0,0.0,0.0,1.0,1.0,0.0,0.0,0.0,0.0,0.0,0.0,0.0,0.0,0.0,0.0,0.0,0.0,0.0,0.0,0.0,0.0,0.0,25.0,28.0,0.0,0.0,0.0,2.0,0.0,0.0,0.0,0.0,1.0,32.0,30.0,2.4,4.5,4.6,0.031,1.0,0.0,0.0,0.0,0.0,0.0,32.0,0.0,0.0,0.0,0.0,0.0,0.0,0.0,0.0,0.0,0.0,0.0,0.0,0.0,0.0,0.0,0.0,0.0,0.0,0.0,1.0,0.0,0.0,0.0,1.0,0.0,0.0,0.0,0.0,0.0,0.0,0.0,0.0,0.0,0.0,0.0,0.0,2.0,1.0,1.0,0.5,5.0,0.4,3.0,1.0,7.6,2.0,1.0,1.0,0.5,5.0,0.4,3.0,1.0,7.6,7075.0,1.3,0.7,0.6,4.07,4.63,3.62,5.0
2016-03-16,Jeremy Lin,CHA,ORL,25:01,0.0,0.0,5.0,1.0,0.0,0.0,0.0,4.0,0.0,0.0,0.0,2.0,0.0,4.0,0.0,0.0,0.0,1.0,2.0,0.5,1.0,0.25,1.0,0.25,1.0,0.25,1.0,0.25,2.0,0.5,0.0,0.0,0.0,0.0,0.0,0.0,0.0,0.0,0.0,0.0,0.0,0.0,0.0,0.0,0.0,0.0,0.0,0.0,0.0,0.0,0.0,0.0,0.0,0.0,0.0,0.0,0.0,0.0,0.0,0.0,0.0,0.0,0.0,0.0,24.0,34.0,2.0,0.0,2.0,4.0,5.0,4.0,0.083,0.167,5.0,37.0,33.0,2.7,4.3,4.2,0.135,0.0,0.0,0.0,0.0,0.0,0.0,37.0,0.0,0.0,0.0,0.0,0.0,0.0,0.0,0.0,0.0,0.0,0.0,0.0,0.0,0.0,0.0,0.0,0.0,1.0,1.0,1.0,1.0,1.0,0.0,0.0,0.0,2.0,1.0,0.0,0.0,0.0,0.0,0.0,0.0,0.0,0.0,0.0,2.0,0.0,2.0,0.0,5.0,0.4,3.0,1.0,3.7,2.0,0.0,2.0,0.0,5.0,0.4,3.0,1.0,3.7,9610.0,1.8,1.1,0.7,4.35,4.7,3.79,11.0
2016-03-17,Jeremy Lin,CHA,MIA,17:27,0.0,0.0,1.0,0.0,0.0,0.0,0.0,1.0,0.0,0.0,2.0,3.0,0.667,3.0,0.0,2.0,0.0,0.0,0.0,0.0,0.0,0.0,1.0,0.333,0.0,0.0,0.0,0.0,0.0,0.0,1.0,0.0,0.0,0.0,0.0,0.0,0.0,0.0,0.0,1.0,1.0,0.0,0.0,0.0,0.0,0.0,0.0,1.0,0.0,0.0,0.0,0.0,0.0,0.0,0.0,0.0,1.0,1.0,0.0,0.0,0.0,0.0,0.0,0.0,22.0,28.0,1.0,0.0,1.0,3.0,2.0,2.0,0.045,0.091,6.0,36.0,31.0,2.2,3.7,3.0,0.167,1.0,0.0,1.0,0.0,0.0,0.0,36.0,0.0,0.0,0.0,0.0,0.0,0.0,0.0,0.0,0.0,0.0,0.0,0.0,0.0,0.0,0.0,0.0,0.0,1.0,1.0,3.0,3.0,0.333,0.0,0.0,0.0,2.0,0.333,1.0,0.0,1.0,0.0,2.0,0.5,0.0,0.5,18.5,2.0,1.0,1.0,0.5,4.0,0.5,1.0,0.667,10.2,3.0,1.0,2.0,0.333,6.0,0.5,1.0,0.6,13.0,6494.0,1.2,0.7,0.6,4.1,4.43,4.47,10.0
2016-03-19,Jeremy Lin,CHA,DEN,24:32,2.0,0.0,2.0,0.0,1.0,6.0,2.0,2.0,1.0,1.5,0.0,2.0,0.0,6.0,1.0,3.0,0.333,1.0,2.0,0.5,3.0,0.5,1.0,0.167,0.0,0.0,1.0,0.167,1.0,0.167,2.0,1.0,1.0,1.0,0.0,0.0,0.0,2.0,1.0,1.0,0.5,0.0,0.0,0.0,0.0,0.0,0.0,0.0,0.0,0.0,0.0,0.0,0.0,0.0,0.0,0.0,0.0,0.0,0.0,0.0,0.0,0.0,0.0,0.0,21.0,34.0,0.0,1.0,0.0,2.0,1.0,1.0,0.0,0.048,16.0,41.0,34.0,2.7,4.0,3.8,0.39,2.0,2.0,0.0,1.0,1.0,0.0,41.0,2.0,1.0,1.0,1.0,0.0,0.0,0.0,2.0,1.0,1.0,0.5,0.0,0.0,0.0,0.0,0.0,0.0,0.0,0.0,2.0,2.0,0.0,0.0,0.0,0.0,0.0,0.0,0.0,0.0,0.0,0.0,1.0,0.0,0.0,0.0,0.0,3.0,2.0,1.0,0.667,7.0,0.429,4.0,1.0,4.9,3.0,2.0,1.0,0.667,8.0,0.375,4.0,0.75,4.9,9187.0,1.7,0.9,0.8,4.1,4.8,3.62,21.75
2016-03-21,Jeremy Lin,CHA,SAS,31:17,3.0,0.0,3.0,0.0,1.0,9.0,3.0,3.0,1.0,1.5,0.0,0.0,0.0,10.0,4.0,6.0,0.667,0.0,0.0,0.0,8.0,0.8,2.0,0.2,0.0,0.0,2.0,0.2,0.0,0.0,0.0,0.0,0.0,0.0,0.0,0.0,0.0,0.0,0.0,0.0,0.0,0.0,0.0,0.0,0.0,0.0,0.0,0.0,0.0,0.0,0.0,0.0,0.0,0.0,0.0,0.0,0.0,0.0,0.0,0.0,0.0,0.0,0.0,0.0,33.0,44.0,2.0,0.0,0.0,8.0,5.0,2.0,0.061,0.061,29.0,58.0,49.0,4.6,4.8,4.8,0.5,0.0,0.0,0.0,0.0,0.0,0.0,58.0,0.0,0.0,0.0,0.0,0.0,0.0,0.0,0.0,0.0,0.0,0.0,0.0,0.0,0.0,0.0,0.0,0.0,4.0,3.0,8.0,7.0,0.5,1.0,1.0,1.0,9.0,0.563,0.0,0.0,0.0,0.0,0.0,0.0,0.0,0.0,0.0,7.0,0.0,7.0,0.0,9.0,0.778,2.0,1.0,12.4,7.0,0.0,7.0,0.0,9.0,0.778,2.0,1.0,12.4,12038.0,2.3,1.2,1.1,4.44,4.86,4.01,42.75
2016-03-22,Jeremy Lin,CHA,BKN,30:13,0.0,0.0,1.0,0.0,0.0,0.0,0.0,1.0,0.0,0.0,0.0,0.0,0.0,7.0,1.0,2.0,0.5,0.0,0.0,0.0,2.0,0.286,3.0,0.429,1.0,0.143,1.0,0.143,1.0,0.143,0.0,0.0,0.0,0.0,0.0,0.0,0.0,0.0,0.0,0.0,0.0,0.0,0.0,0.0,0.0,0.0,0.0,3.0,1.0,1.0,1.0,1.0,2.0,0.5,3.0,1.0,1.0,0.333,0.0,0.0,0.0,0.0,2.0,0.667,34.0,48.0,4.0,0.0,1.0,6.0,9.0,5.0,0.118,0.147,21.0,55.0,49.0,3.5,3.8,3.8,0.382,0.0,4.0,3.0,0.0,0.75,1.0,55.0,4.0,1.0,1.0,1.0,1.0,2.0,0.5,3.0,0.75,2.0,0.5,0.0,0.0,0.0,0.0,2.0,0.5,3.0,2.0,5.0,4.0,0.6,1.0,1.0,1.0,7.0,0.7,0.0,0.0,0.0,0.0,1.0,0.0,0.0,0.0,0.0,2.0,0.0,2.0,0.0,4.0,0.5,1.0,0.667,12.2,2.0,0.0,2.0,0.0,5.0,0.4,1.0,0.5,12.2,10930.0,2.1,1.1,0.9,4.16,4.28,3.64,30.0
2016-03-25,Jeremy Lin,CHA,DET,23:09,0.0,0.0,3.0,1.0,0.0,0.0,0.0,2.0,0.0,0.0,2.0,3.0,0.667,5.0,0.0,3.0,0.0,0.0,0.0,0.0,0.0,0.0,1.0,0.2,0.0,0.0,1.0,0.2,0.0,0.0,1.0,1.0,1.0,1.0,0.0,0.0,0.0,2.0,2.0,0.0,0.0,0.0,0.0,0.0,0.0,0.0,0.0,0.0,0.0,0.0,0.0,0.0,0.0,0.0,0.0,0.0,0.0,0.0,0.0,0.0,0.0,0.0,0.0,0.0,31.0,41.0,3.0,0.0,1.0,7.0,8.0,4.0,0.097,0.129,4.0,47.0,43.0,3.3,4.2,4.1,0.085,1.0,0.0,0.0,2.0,0.0,0.0,47.0,0.0,0.0,0.0,0.0,0.0,0.0,0.0,0.0,0.0,0.0,0.0,0.0,0.0,0.0,0.0,0.0,0.0,1.0,1.0,5.0,4.0,0.2,0.0,1.0,0.0,2.0,0.2,0.0,0.0,0.0,0.0,0.0,0.0,0.0,0.0,0.0,3.0,0.0,3.0,0.0,5.0,0.6,1.0,0.75,5.5,3.0,0.0,3.0,0.0,5.0,0.6,1.0,0.75,5.5,8501.0,1.6,0.9,0.7,4.17,4.45,3.79,12.0
2016-03-26,Jeremy Lin,CHA,MIL,24:44,1.0,0.0,2.0,0.0,0.5,3.0,1.0,2.0,0.5,0.75,0.0,0.0,0.0,6.0,3.0,3.0,1.0,0.0,0.0,0.0,6.0,1.0,3.0,0.5,0.0,0.0,0.0,0.0,0.0,0.0,0.0,0.0,0.0,0.0,0.0,0.0,0.0,0.0,0.0,0.0,0.0,0.0,0.0,0.0,0.0,0.0,0.0,0.0,0.0,0.0,0.0,0.0,0.0,0.0,0.0,0.0,0.0,0.0,0.0,0.0,0.0,0.0,0.0,0.0,34.0,34.0,4.0,0.0,1.0,8.0,10.0,5.0,0.118,0.147,9.0,46.0,39.0,3.9,5.1,5.3,0.196,0.0,0.0,0.0,0.0,0.0,0.0,46.0,0.0,0.0,0.0,0.0,0.0,0.0,0.0,0.0,0.0,0.0,0.0,0.0,0.0,0.0,0.0,0.0,0.0,0.0,0.0,0.0,0.0,0.0,0.0,0.0,0.0,0.0,0.0,0.0,0.0,0.0,0.0,1.0,0.0,0.0,0.0,0.0,4.0,0.0,4.0,0.0,4.0,1.0,0.0,1.0,5.6,4.0,0.0,4.0,0.0,5.0,0.8,0.0,0.8,5.6,9029.0,1.7,0.9,0.8,4.08,4.25,4.0,27.5
2016-04-01,Jeremy Lin,CHA,PHI,24:00,1.0,1.0,1.0,1.0,1.0,2.0,0.0,0.0,0.0,1.0,1.0,2.0,0.5,5.0,2.0,3.0,0.667,0.0,0.0,0.0,4.0,0.8,2.0,0.4,1.0,0.2,0.0,0.0,0.0,0.0,0.0,0.0,0.0,0.0,0.0,0.0,0.0,0.0,0.0,0.0,0.0,0.0,0.0,0.0,0.0,0.0,0.0,1.0,0.0,0.0,0.0,0.0,0.0,0.0,0.0,0.0,1.0,1.0,0.0,0.0,0.0,0.0,0.0,0.0,28.0,34.0,6.0,1.0,2.0,10.0,13.0,9.0,0.214,0.321,9.0,43.0,38.0,3.9,5.5,5.8,0.209,0.0,1.0,1.0,0.0,0.0,0.0,43.0,1.0,0.0,0.0,0.0,0.0,0.0,0.0,0.0,0.0,1.0,1.0,0.0,0.0,0.0,0.0,0.0,0.0,0.0,0.0,3.0,3.0,0.0,0.0,0.0,0.0,0.0,0.0,0.0,0.0,0.0,0.0,1.0,0.0,0.0,0.0,0.0,4.0,1.0,3.0,0.25,7.0,0.571,2.0,0.8,6.5,4.0,1.0,3.0,0.25,8.0,0.5,2.0,0.667,6.5,9293.0,1.8,0.9,0.8,4.5,4.4,4.0,25.0
2016-04-03,Jeremy Lin,CHA,CLE,26:56,0.0,0.0,2.0,0.0,0.0,0.0,0.0,2.0,0.0,0.0,1.0,2.0,0.5,5.0,1.0,3.0,0.333,2.0,2.0,1.0,4.0,0.8,0.0,0.0,0.0,0.0,1.0,0.2,1.0,0.2,0.0,0.0,0.0,0.0,0.0,0.0,0.0,0.0,0.0,0.0,0.0,0.0,0.0,0.0,0.0,0.0,0.0,0.0,0.0,0.0,0.0,0.0,0.0,0.0,0.0,0.0,0.0,0.0,0.0,0.0,0.0,0.0,0.0,0.0,27.0,39.0,1.0,0.0,0.0,4.0,2.0,1.0,0.037,0.037,14.0,47.0,45.0,3.3,4.2,4.1,0.298,0.0,0.0,0.0,0.0,0.0,0.0,47.0,0.0,0.0,0.0,0.0,0.0,0.0,0.0,0.0,0.0,0.0,0.0,0.0,0.0,0.0,0.0,0.0,0.0,2.0,1.0,5.0,3.0,0.4,1.0,2.0,0.5,5.0,0.5,0.0,0.0,0.0,0.0,0.0,0.0,0.0,0.0,0.0,3.0,1.0,2.0,0.333,5.0,0.6,0.0,0.6,5.7,3.0,1.0,2.0,0.333,5.0,0.6,0.0,0.6,5.7,9926.0,1.9,1.1,0.8,4.24,4.99,3.5,17.0
2016-04-05,Jeremy Lin,CHA,TOR,40:09,3.0,0.0,6.0,1.0,0.5,9.0,3.0,5.0,0.6,0.75,1.0,1.0,1.0,16.0,1.0,3.0,0.333,5.0,6.0,0.833,7.0,0.438,8.0,0.5,4.0,0.25,2.0,0.125,4.0,0.25,2.0,0.0,0.0,0.0,0.0,0.0,0.0,0.0,0.0,1.0,0.5,0.0,0.0,1.0,0.5,0.0,0.0,2.0,0.0,0.0,0.0,0.0,0.0,0.0,0.0,0.0,1.0,0.5,0.0,0.0,0.0,0.0,0.0,0.0,57.0,62.0,7.0,0.0,1.0,13.0,17.0,8.0,0.123,0.14,21.0,79.0,69.0,4.3,3.3,3.3,0.266,2.0,2.0,2.0,0.0,0.0,0.0,79.0,2.0,0.0,0.0,0.0,0.0,0.0,0.0,0.0,0.0,1.0,0.5,0.0,0.0,0.0,0.0,0.0,0.0,1.0,0.0,2.0,1.0,0.5,1.0,1.0,1.0,3.0,0.75,1.0,1.0,0.0,1.0,3.0,0.333,0.0,0.333,11.3,3.0,1.0,2.0,0.333,8.0,0.375,4.0,0.75,6.2,4.0,2.0,2.0,0.5,11.0,0.364,4.0,0.571,7.5,14573.0,2.8,1.4,1.3,4.16,4.41,3.71,37.25
2016-04-06,Jeremy Lin,CHA,NYK,33:00,0.0,0.0,2.0,0.0,0.0,0.0,0.0,2.0,0.0,0.0,0.0,1.0,0.0,5.0,0.0,2.0,0.0,0.0,0.0,0.0,0.0,0.0,2.0,0.4,1.0,0.2,1.0,0.2,0.0,0.0,1.0,0.0,0.0,0.0,0.0,0.0,0.0,0.0,0.0,1.0,1.0,0.0,0.0,0.0,0.0,0.0,0.0,1.0,0.0,0.0,0.0,0.0,0.0,0.0,0.0,0.0,1.0,1.0,0.0,0.0,0.0,0.0,0.0,0.0,42.0,46.0,3.0,1.0,1.0,6.0,7.0,5.0,0.071,0.119,6.0,56.0,50.0,4.0,4.3,4.1,0.107,1.0,1.0,1.0,0.0,0.0,0.0,56.0,1.0,0.0,0.0,0.0,0.0,0.0,0.0,0.0,0.0,1.0,1.0,0.0,0.0,0.0,0.0,0.0,0.0,2.0,0.0,4.0,1.0,0.5,2.0,3.0,0.667,6.0,0.75,2.0,1.0,1.0,0.5,3.0,0.667,0.0,0.667,4.0,3.0,1.0,2.0,0.333,6.0,0.5,2.0,0.75,8.5,5.0,2.0,3.0,0.4,9.0,0.556,2.0,0.714,6.7,12144.0,2.3,1.3,1.0,4.2,4.43,3.86,16.0
2016-04-08,Jeremy Lin,CHA,BKN,27:08,1.0,0.0,2.0,0.0,0.5,3.0,1.0,2.0,0.5,0.75,2.0,3.0,0.667,6.0,1.0,4.0,0.25,0.0,0.0,0.0,2.0,0.333,0.0,0.0,0.0,0.0,2.0,0.333,0.0,0.0,0.0,0.0,0.0,0.0,0.0,0.0,0.0,0.0,0.0,0.0,0.0,0.0,0.0,0.0,0.0,0.0,0.0,2.0,2.0,2.0,1.0,1.0,1.0,1.0,5.0,2.5,0.0,0.0,0.0,0.0,0.0,0.0,1.0,0.5,51.0,54.0,3.0,1.0,3.0,5.0,8.0,7.0,0.059,0.137,11.0,69.0,58.0,4.4,3.8,3.5,0.159,0.0,2.0,2.0,0.0,2.5,2.5,69.0,2.0,2.0,2.0,1.0,1.0,1.0,1.0,5.0,2.5,0.0,0.0,0.0,0.0,0.0,0.0,1.0,0.5,0.0,0.0,3.0,1.0,0.0,0.0,2.0,0.0,0.0,0.0,2.0,1.0,1.0,0.5,3.0,0.667,0.0,0.667,10.5,3.0,1.0,2.0,0.333,6.0,0.5,3.0,1.0,11.6,5.0,2.0,3.0,0.4,9.0,0.556,3.0,0.833,11.1,10138.0,1.9,1.1,0.8,4.16,4.56,3.75,21.5
2016-04-10,Jeremy Lin,CHA,WAS,21:31,0.0,0.0,2.0,0.0,0.0,0.0,0.0,2.0,0.0,0.0,0.0,0.0,0.0,4.0,0.0,2.0,0.0,0.0,0.0,0.0,0.0,0.0,0.0,0.0,0.0,0.0,1.0,0.25,1.0,0.25,0.0,0.0,0.0,0.0,0.0,0.0,0.0,0.0,0.0,0.0,0.0,0.0,0.0,0.0,0.0,0.0,0.0,0.0,0.0,0.0,0.0,0.0,0.0,0.0,0.0,0.0,0.0,0.0,0.0,0.0,0.0,0.0,0.0,0.0,41.0,49.0,3.0,0.0,1.0,6.0,9.0,4.0,0.073,0.098,1.0,54.0,49.0,4.1,4.5,4.5,0.019,0.0,0.0,0.0,0.0,0.0,0.0,54.0,0.0,0.0,0.0,0.0,0.0,0.0,0.0,0.0,0.0,0.0,0.0,0.0,0.0,0.0,0.0,0.0,0.0,0.0,0.0,2.0,1.0,0.0,0.0,1.0,0.0,0.0,0.0,0.0,0.0,0.0,0.0,1.0,0.0,0.0,0.0,0.0,1.0,0.0,1.0,0.0,3.0,0.333,2.0,1.0,9.0,1.0,0.0,1.0,0.0,4.0,0.25,2.0,0.5,9.0,8237.0,1.6,0.9,0.7,4.41,4.6,4.35,6.5
2016-04-11,Jeremy Lin,CHA,BOS,39:13,1.0,0.0,4.0,0.0,0.25,3.0,1.0,4.0,0.25,0.375,3.0,5.0,0.6,6.0,2.0,3.0,0.667,2.0,2.0,1.0,6.0,1.0,1.0,0.167,1.0,0.167,1.0,0.167,1.0,0.167,1.0,1.0,1.0,1.0,0.0,0.0,0.0,2.0,2.0,0.0,0.0,0.0,0.0,0.0,0.0,0.0,0.0,2.0,1.0,1.0,1.0,0.0,0.0,0.0,2.0,1.0,1.0,0.5,0.0,0.0,0.0,0.0,0.0,0.0,53.0,65.0,5.0,0.0,0.0,12.0,14.0,5.0,0.094,0.094,25.0,79.0,65.0,4.3,3.3,2.9,0.316,1.0,2.0,2.0,2.0,1.0,1.0,79.0,2.0,1.0,1.0,1.0,0.0,0.0,0.0,2.0,1.0,1.0,0.5,0.0,0.0,0.0,0.0,0.0,0.0,2.0,2.0,5.0,3.0,0.4,0.0,2.0,0.0,4.0,0.4,0.0,0.0,0.0,0.0,0.0,0.0,0.0,0.0,0.0,7.0,0.0,7.0,0.0,12.0,0.583,2.0,0.7,7.3,7.0,0.0,7.0,0.0,12.0,0.583,2.0,0.7,7.3,14890.0,2.8,1.6,1.2,4.27,4.47,4.07,52.0
2016-04-13,Jeremy Lin,CHA,ORL,20:45,1.0,0.0,1.0,0.0,1.0,3.0,1.0,1.0,1.0,1.5,1.0,2.0,0.5,4.0,0.0,0.0,0.0,0.0,0.0,0.0,0.0,0.0,4.0,1.0,2.0,0.5,0.0,0.0,0.0,0.0,1.0,0.0,1.0,0.0,0.0,0.0,0.0,0.0,0.0,0.0,0.0,0.0,0.0,0.0,0.0,0.0,0.0,1.0,0.0,1.0,0.0,0.0,0.0,0.0,0.0,0.0,0.0,0.0,0.0,0.0,0.0,0.0,0.0,0.0,37.0,41.0,4.0,1.0,2.0,5.0,10.0,7.0,0.108,0.189,10.0,46.0,45.0,3.8,4.9,5.0,0.217,1.0,0.0,1.0,0.0,0.0,0.0,46.0,0.0,0.0,0.0,0.0,0.0,0.0,0.0,0.0,0.0,0.0,0.0,0.0,0.0,0.0,0.0,0.0,0.0,2.0,1.0,4.0,2.0,0.5,1.0,2.0,0.5,5.0,0.625,1.0,0.0,1.0,0.0,2.0,0.5,0.0,0.5,9.7,3.0,0.0,3.0,0.0,4.0,0.75,1.0,1.0,13.6,4.0,0.0,4.0,0.0,6.0,0.667,1.0,0.8,12.6,8026.0,1.5,0.8,0.7,4.34,4.48,4.22,20.5
